{"version": "1", "message": "ERROR: Hidden Testcases server unreachable.", "problem_id": "ads2_m16_a1_1", "user_id": "lakshmipraneetha4", "score": {"sample": {"0": {"execution_time": 0.30091261863708496, "passed": true}, "1": {"execution_time": 0.3303341865539551, "passed": true}, "2": {"execution_time": 0.5524635314941406, "passed": true}, "3": {"execution_time": 0.5511515140533447, "passed": true}, "4": {"execution_time": 0.5496416091918945, "passed": true}, "5": {"execution_time": 0.550337553024292, "passed": true}, "6": {"execution_time": 0.5382099151611328, "passed": true}, "7": {"execution_time": 0.5535798072814941, "passed": true}, "8": {"execution_time": 0.3299262523651123, "passed": true}, "9": {"execution_time": 1.1011929512023926, "passed": true}, "10": {"execution_time": 0.48422980308532715, "passed": true}, "11": {"execution_time": 3.537541627883911, "passed": true}, "12": {"execution_time": 0.5939223766326904, "passed": true}, "13": {"execution_time": 0.4168875217437744, "passed": true}, "14": {"execution_time": 0.6680822372436523, "passed": true}, "15": {"execution_time": 0.6396076679229736, "passed": true}, "16": {"execution_time": 0.28967928886413574, "passed": true}, "17": {"execution_time": 0.2800452709197998, "passed": true}, "18": {"execution_time": 0.28098344802856445, "passed": true}, "19": {"execution_time": 0.29877781867980957, "passed": true}, "20": {"execution_time": 0.3254075050354004, "passed": true}, "21": {"execution_time": 0.2602384090423584, "passed": true}, "22": {"execution_time": 0.26458048820495605, "passed": true}, "23": {"execution_time": 0.3250274658203125, "passed": true}, "24": {"execution_time": 0.2498924732208252, "passed": true}, "25": {"execution_time": 0.5602786540985107, "passed": true}, "26": {"execution_time": 1.993736743927002, "passed": true}, "27": {"execution_time": 0.8559324741363525, "passed": true}, "28": {"execution_time": 0.8254592418670654, "passed": true}, "29": {"execution_time": 0.2595217227935791, "passed": true}}}, "check_style_score": "0/1"}