{"version": "1", "message": "ERROR: Hidden Testcases server unreachable.", "problem_id": "ads2_m16_a1_1", "user_id": "lakshmipraneetha4", "score": {"sample": {"0": {"execution_time": 0.25991368293762207, "passed": true}, "1": {"execution_time": 0.33031153678894043, "passed": true}, "2": {"execution_time": 0.5405473709106445, "passed": true}, "3": {"execution_time": 0.5213379859924316, "passed": true}, "4": {"execution_time": 0.4939765930175781, "passed": true}, "5": {"execution_time": 0.5712687969207764, "passed": true}, "6": {"execution_time": 0.5041635036468506, "passed": true}, "7": {"execution_time": 0.531731128692627, "passed": true}, "8": {"execution_time": 0.3397362232208252, "passed": true}, "9": {"execution_time": 0.5588786602020264, "passed": true}, "10": {"execution_time": 0.5698204040527344, "passed": true}, "11": {"execution_time": 3.4894323348999023, "passed": true}, "12": {"execution_time": 0.6233336925506592, "passed": true}, "13": {"execution_time": 0.3476223945617676, "passed": true}, "14": {"execution_time": 0.6355793476104736, "passed": true}, "15": {"execution_time": 0.5696518421173096, "passed": true}, "16": {"execution_time": 0.3317856788635254, "passed": true}, "17": {"execution_time": 0.2692399024963379, "passed": true}, "18": {"execution_time": 0.30074310302734375, "passed": true}, "19": {"execution_time": 0.2784883975982666, "passed": true}, "20": {"execution_time": 0.35380077362060547, "passed": true}, "21": {"execution_time": 1.3110105991363525, "passed": true}, "22": {"execution_time": 0.3160123825073242, "passed": true}, "23": {"execution_time": 1.2471470832824707, "passed": true}, "24": {"execution_time": 0.22237920761108398, "passed": true}, "25": {"execution_time": 0.585385799407959, "passed": true}, "26": {"execution_time": 0.5387752056121826, "passed": true}, "27": {"execution_time": 0.5793948173522949, "passed": true}, "28": {"execution_time": 0.8548099994659424, "passed": true}, "29": {"execution_time": 0.23845458030700684, "passed": true}}}, "check_style_score": "0/1"}