{"version": "1", "message": "ERROR: Hidden Testcases server unreachable.", "problem_id": "ads2_m16_a1_1", "user_id": "lakshmipraneetha4", "score": {"sample": {"0": {"execution_time": 0.26925182342529297, "passed": true}, "1": {"execution_time": 0.6128566265106201, "passed": true}, "2": {"execution_time": 0.5702476501464844, "passed": true}, "3": {"execution_time": 0.6326892375946045, "passed": true}, "4": {"execution_time": 1.2891464233398438, "passed": true}, "5": {"execution_time": 0.7543768882751465, "passed": true}, "6": {"execution_time": 0.8297121524810791, "passed": true}, "7": {"execution_time": 0.682772159576416, "passed": true}, "8": {"execution_time": 0.4549546241760254, "passed": true}, "9": {"execution_time": 0.7060730457305908, "passed": true}, "10": {"execution_time": 0.6490664482116699, "passed": true}, "11": {"execution_time": 3.7778830528259277, "passed": true}, "12": {"execution_time": 0.73124098777771, "passed": true}, "13": {"execution_time": 0.3854062557220459, "passed": true}, "14": {"execution_time": 0.7314400672912598, "passed": true}, "15": {"execution_time": 0.712836503982544, "passed": true}, "16": {"execution_time": 0.39179158210754395, "passed": true}, "17": {"execution_time": 0.4388558864593506, "passed": true}, "18": {"execution_time": 0.41075563430786133, "passed": true}, "19": {"execution_time": 0.4144101142883301, "passed": true}, "20": {"execution_time": 0.43758392333984375, "passed": true}, "21": {"execution_time": 0.41228699684143066, "passed": true}, "22": {"execution_time": 0.38530826568603516, "passed": true}, "23": {"execution_time": 0.4456956386566162, "passed": true}, "24": {"execution_time": 0.37345075607299805, "passed": true}, "25": {"execution_time": 0.7125058174133301, "passed": true}, "26": {"execution_time": 0.6621308326721191, "passed": true}, "27": {"execution_time": 0.7386164665222168, "passed": true}, "28": {"execution_time": 1.056067943572998, "passed": true}, "29": {"execution_time": 0.34639763832092285, "passed": true}}}, "check_style_score": "1/1"}