{"version": "1", "message": "ERROR: Hidden Testcases server unreachable.", "problem_id": "ads2_m16_a1_1", "user_id": "lakshmipraneetha4", "score": {"sample": {"0": {"execution_time": 0.25365328788757324, "passed": true}, "1": {"execution_time": 0.2848365306854248, "passed": true}, "2": {"execution_time": 0.570239782333374, "passed": true}, "3": {"execution_time": 0.5635135173797607, "passed": true}, "4": {"execution_time": 0.5543406009674072, "passed": true}, "5": {"execution_time": 0.5479052066802979, "passed": true}, "6": {"execution_time": 0.585263729095459, "passed": true}, "7": {"execution_time": 0.5699365139007568, "passed": true}, "8": {"execution_time": 0.30040693283081055, "passed": true}, "9": {"execution_time": 0.5478479862213135, "passed": true}, "10": {"execution_time": 0.5859806537628174, "passed": true}, "11": {"execution_time": 3.535912036895752, "passed": true}, "12": {"execution_time": 1.5367741584777832, "passed": true}, "13": {"execution_time": 0.26270222663879395, "passed": true}, "14": {"execution_time": 0.5389859676361084, "passed": true}, "15": {"execution_time": 0.5948879718780518, "passed": true}, "16": {"execution_time": 0.3163411617279053, "passed": true}, "17": {"execution_time": 0.3314030170440674, "passed": true}, "18": {"execution_time": 0.30054163932800293, "passed": true}, "19": {"execution_time": 0.3476850986480713, "passed": true}, "20": {"execution_time": 0.3541595935821533, "passed": true}, "21": {"execution_time": 0.3854939937591553, "passed": true}, "22": {"execution_time": 1.3512632846832275, "passed": true}, "23": {"execution_time": 0.36632275581359863, "passed": true}, "24": {"execution_time": 0.3735971450805664, "passed": true}, "25": {"execution_time": 0.7013914585113525, "passed": true}, "26": {"execution_time": 1.1564702987670898, "passed": true}, "27": {"execution_time": 0.58901047706604, "passed": true}, "28": {"execution_time": 1.2009515762329102, "passed": true}, "29": {"execution_time": 0.26329874992370605, "passed": true}}}, "check_style_score": "0/1"}