{"version": "1", "message": "ERROR: Hidden Testcases server unreachable.", "problem_id": "ads2_m16_a1_1", "user_id": "lakshmipraneetha4", "score": {"sample": {"0": {"execution_time": 0.4111156463623047, "passed": true}, "1": {"execution_time": 0.4057292938232422, "passed": true}, "2": {"execution_time": 0.722675085067749, "passed": true}, "3": {"execution_time": 0.7533519268035889, "passed": true}, "4": {"execution_time": 0.7330636978149414, "passed": true}, "5": {"execution_time": 0.7497823238372803, "passed": true}, "6": {"execution_time": 0.7523088455200195, "passed": true}, "7": {"execution_time": 0.725135087966919, "passed": true}, "8": {"execution_time": 0.38079071044921875, "passed": true}, "9": {"execution_time": 0.716111421585083, "passed": true}, "10": {"execution_time": 0.6680526733398438, "passed": true}, "11": {"execution_time": 3.7972819805145264, "passed": true}, "12": {"execution_time": 0.7213399410247803, "passed": true}, "13": {"execution_time": 0.3614189624786377, "passed": true}, "14": {"execution_time": 0.7356526851654053, "passed": true}, "15": {"execution_time": 0.6906437873840332, "passed": true}, "16": {"execution_time": 0.4106409549713135, "passed": true}, "17": {"execution_time": 0.4172942638397217, "passed": true}, "18": {"execution_time": 0.4298408031463623, "passed": true}, "19": {"execution_time": 0.3292357921600342, "passed": true}, "20": {"execution_time": 0.3745920658111572, "passed": true}, "21": {"execution_time": 0.31898999214172363, "passed": true}, "22": {"execution_time": 0.28727006912231445, "passed": true}, "23": {"execution_time": 0.3173673152923584, "passed": true}, "24": {"execution_time": 0.2600841522216797, "passed": true}, "25": {"execution_time": 0.6255958080291748, "passed": true}, "26": {"execution_time": 0.5318422317504883, "passed": true}, "27": {"execution_time": 0.5813720226287842, "passed": true}, "28": {"execution_time": 0.8949027061462402, "passed": true}, "29": {"execution_time": 0.38666820526123047, "passed": true}}}, "check_style_score": "0/1"}