{"version": "1", "message": "ERROR: Hidden Testcases server unreachable.", "problem_id": "ads2_m16_a1_1", "user_id": "lakshmipraneetha4", "score": {"sample": {"0": {"execution_time": 1.1559007167816162, "passed": true}, "1": {"execution_time": 0.3099489212036133, "passed": true}, "2": {"execution_time": 0.540032148361206, "passed": true}, "3": {"execution_time": 0.5252554416656494, "passed": true}, "4": {"execution_time": 0.4842345714569092, "passed": true}, "5": {"execution_time": 0.540154218673706, "passed": true}, "6": {"execution_time": 0.4934828281402588, "passed": true}, "7": {"execution_time": 0.5702095031738281, "passed": true}, "8": {"execution_time": 0.3227386474609375, "passed": true}, "9": {"execution_time": 0.49070215225219727, "passed": true}, "10": {"execution_time": 1.7326910495758057, "passed": true}, "11": {"execution_time": 3.4815311431884766, "passed": true}, "12": {"execution_time": 0.516477108001709, "passed": true}, "13": {"execution_time": 0.24014973640441895, "passed": true}, "14": {"execution_time": 0.550360918045044, "passed": true}, "15": {"execution_time": 0.5596377849578857, "passed": true}, "16": {"execution_time": 0.2960946559906006, "passed": true}, "17": {"execution_time": 0.2717747688293457, "passed": true}, "18": {"execution_time": 0.25569701194763184, "passed": true}, "19": {"execution_time": 0.29866862297058105, "passed": true}, "20": {"execution_time": 0.304699182510376, "passed": true}, "21": {"execution_time": 0.30500221252441406, "passed": true}, "22": {"execution_time": 0.27137160301208496, "passed": true}, "23": {"execution_time": 0.3212909698486328, "passed": true}, "24": {"execution_time": 0.22023797035217285, "passed": true}, "25": {"execution_time": 0.5426464080810547, "passed": true}, "26": {"execution_time": 0.5142993927001953, "passed": true}, "27": {"execution_time": 0.5325906276702881, "passed": true}, "28": {"execution_time": 0.7843647003173828, "passed": true}, "29": {"execution_time": 0.23910188674926758, "passed": true}}}, "check_style_score": "0/1"}