{"version": "1", "message": "ERROR: Hidden Testcases server unreachable.", "problem_id": "ads2_m16_a1_1", "user_id": "lakshmipraneetha4", "score": {"sample": {"0": {"execution_time": 0.25440216064453125, "passed": true}, "1": {"execution_time": 0.316009521484375, "passed": true}, "2": {"execution_time": 0.5230541229248047, "passed": true}, "3": {"execution_time": 0.5322391986846924, "passed": true}, "4": {"execution_time": 0.5164086818695068, "passed": true}, "5": {"execution_time": 0.7072865962982178, "passed": true}, "6": {"execution_time": 0.5857036113739014, "passed": true}, "7": {"execution_time": 0.6015017032623291, "passed": true}, "8": {"execution_time": 0.36930108070373535, "passed": true}, "9": {"execution_time": 0.5633172988891602, "passed": true}, "10": {"execution_time": 0.522946834564209, "passed": true}, "11": {"execution_time": 3.50563383102417, "passed": true}, "12": {"execution_time": 0.5702216625213623, "passed": true}, "13": {"execution_time": 0.2539241313934326, "passed": true}, "14": {"execution_time": 0.5321640968322754, "passed": true}, "15": {"execution_time": 0.5324122905731201, "passed": true}, "16": {"execution_time": 0.2691471576690674, "passed": true}, "17": {"execution_time": 0.28484153747558594, "passed": true}, "18": {"execution_time": 0.5544123649597168, "passed": true}, "19": {"execution_time": 0.4575777053833008, "passed": true}, "20": {"execution_time": 0.37232065200805664, "passed": true}, "21": {"execution_time": 0.2851269245147705, "passed": true}, "22": {"execution_time": 0.3162720203399658, "passed": true}, "23": {"execution_time": 0.30978870391845703, "passed": true}, "24": {"execution_time": 0.23167157173156738, "passed": true}, "25": {"execution_time": 0.5971746444702148, "passed": true}, "26": {"execution_time": 0.5791745185852051, "passed": true}, "27": {"execution_time": 0.6857388019561768, "passed": true}, "28": {"execution_time": 0.9448308944702148, "passed": true}, "29": {"execution_time": 0.3841707706451416, "passed": true}}}, "check_style_score": "0/1"}