{"version": "1", "message": "ERROR: Hidden Testcases server unreachable.", "problem_id": "ads2_m16_a1_1", "user_id": "lakshmipraneetha4", "score": {"sample": {"0": {"execution_time": 0.22231578826904297, "passed": true}, "1": {"execution_time": 0.34111952781677246, "passed": true}, "2": {"execution_time": 0.5328972339630127, "passed": true}, "3": {"execution_time": 0.6252424716949463, "passed": true}, "4": {"execution_time": 0.5856528282165527, "passed": true}, "5": {"execution_time": 0.6431119441986084, "passed": true}, "6": {"execution_time": 0.6997764110565186, "passed": true}, "7": {"execution_time": 0.5664849281311035, "passed": true}, "8": {"execution_time": 0.40399932861328125, "passed": true}, "9": {"execution_time": 0.6498627662658691, "passed": true}, "10": {"execution_time": 0.638052225112915, "passed": true}, "11": {"execution_time": 3.65014386177063, "passed": true}, "12": {"execution_time": 1.2771432399749756, "passed": true}, "13": {"execution_time": 1.169865369796753, "passed": true}, "14": {"execution_time": 1.616694450378418, "passed": true}, "15": {"execution_time": 0.5233445167541504, "passed": true}, "16": {"execution_time": 0.27913355827331543, "passed": true}, "17": {"execution_time": 0.29123568534851074, "passed": true}, "18": {"execution_time": 0.2598590850830078, "passed": true}, "19": {"execution_time": 0.31343889236450195, "passed": true}, "20": {"execution_time": 0.39992666244506836, "passed": true}, "21": {"execution_time": 0.3061666488647461, "passed": true}, "22": {"execution_time": 0.25885009765625, "passed": true}, "23": {"execution_time": 0.2914433479309082, "passed": true}, "24": {"execution_time": 0.2413029670715332, "passed": true}, "25": {"execution_time": 0.5326633453369141, "passed": true}, "26": {"execution_time": 0.5108513832092285, "passed": true}, "27": {"execution_time": 0.5649607181549072, "passed": true}, "28": {"execution_time": 0.833242654800415, "passed": true}, "29": {"execution_time": 0.2249603271484375, "passed": true}}}, "check_style_score": "0/1"}