{"version": "1", "message": "ERROR: Hidden Testcases server unreachable.", "problem_id": "ads2_m16_a1_1", "user_id": "lakshmipraneetha4", "score": {"sample": {"0": {"execution_time": 0.8277208805084229, "passed": true}, "1": {"execution_time": 0.8497517108917236, "passed": true}, "2": {"execution_time": 0.5481586456298828, "passed": true}, "3": {"execution_time": 0.8811297416687012, "passed": true}, "4": {"execution_time": 1.5186169147491455, "passed": true}, "5": {"execution_time": 0.5690162181854248, "passed": true}, "6": {"execution_time": 0.6325380802154541, "passed": true}, "7": {"execution_time": 0.5855960845947266, "passed": true}, "8": {"execution_time": 0.3081972599029541, "passed": true}, "9": {"execution_time": 0.532263994216919, "passed": true}, "10": {"execution_time": 0.8895523548126221, "passed": true}, "11": {"execution_time": 3.5867652893066406, "passed": true}, "12": {"execution_time": 0.6649904251098633, "passed": true}, "13": {"execution_time": 1.2504584789276123, "passed": true}, "14": {"execution_time": 0.569974422454834, "passed": true}, "15": {"execution_time": 1.0148849487304688, "passed": true}, "16": {"execution_time": 0.30063509941101074, "passed": true}, "17": {"execution_time": 1.2344865798950195, "passed": true}, "18": {"execution_time": 0.28493523597717285, "passed": true}, "19": {"execution_time": 1.352759599685669, "passed": true}, "20": {"execution_time": 1.6709389686584473, "passed": true}, "21": {"execution_time": 1.3039882183074951, "passed": true}, "22": {"execution_time": 0.2628767490386963, "passed": true}, "23": {"execution_time": 1.0059773921966553, "passed": true}, "24": {"execution_time": 1.2605702877044678, "passed": true}, "25": {"execution_time": 1.5855333805084229, "passed": true}, "26": {"execution_time": 1.8131773471832275, "passed": true}, "27": {"execution_time": 0.553325891494751, "passed": true}, "28": {"execution_time": 0.8868029117584229, "passed": true}, "29": {"execution_time": 1.1703822612762451, "passed": true}}}, "check_style_score": "0/1"}