{"version": "1", "message": "ERROR: Hidden Testcases server unreachable.", "problem_id": "ads2_m16_a1_1", "user_id": "lakshmipraneetha4", "score": {"sample": {"0": {"execution_time": 0.3408493995666504, "passed": true}, "1": {"execution_time": 0.35347414016723633, "passed": true}, "2": {"execution_time": 0.6179845333099365, "passed": true}, "3": {"execution_time": 0.8635220527648926, "passed": true}, "4": {"execution_time": 0.9320399761199951, "passed": true}, "5": {"execution_time": 0.9805581569671631, "passed": true}, "6": {"execution_time": 0.9705855846405029, "passed": true}, "7": {"execution_time": 0.9764280319213867, "passed": true}, "8": {"execution_time": 0.5407106876373291, "passed": true}, "9": {"execution_time": 0.9336643218994141, "passed": true}, "10": {"execution_time": 0.9532530307769775, "passed": true}, "11": {"execution_time": 7.208583831787109, "passed": true}, "12": {"execution_time": 1.0046372413635254, "passed": true}, "13": {"execution_time": 0.45145440101623535, "passed": true}, "14": {"execution_time": 0.9448952674865723, "passed": true}, "15": {"execution_time": 0.9796609878540039, "passed": true}, "16": {"execution_time": 0.5300233364105225, "passed": true}, "17": {"execution_time": 0.5290265083312988, "passed": true}, "18": {"execution_time": 0.5183324813842773, "passed": true}, "19": {"execution_time": 0.5817959308624268, "passed": true}, "20": {"execution_time": 0.5755023956298828, "passed": true}, "21": {"execution_time": 0.5275826454162598, "passed": true}, "22": {"execution_time": 0.4378488063812256, "passed": true}, "23": {"execution_time": 0.5295228958129883, "passed": true}, "24": {"execution_time": 0.45152735710144043, "passed": true}, "25": {"execution_time": 1.0232572555541992, "passed": true}, "26": {"execution_time": 0.8648760318756104, "passed": true}, "27": {"execution_time": 1.0074219703674316, "passed": true}, "28": {"execution_time": 1.5062785148620605, "passed": true}, "29": {"execution_time": 0.40412020683288574, "passed": true}}}, "check_style_score": "0/1"}