{"version": "1", "message": "ERROR: Hidden Testcases server unreachable.", "problem_id": "ads2_m16_a1_1", "user_id": "lakshmipraneetha4", "score": {"sample": {"0": {"execution_time": 0.2539491653442383, "passed": true}, "1": {"execution_time": 0.9230811595916748, "passed": true}, "2": {"execution_time": 0.6390533447265625, "passed": true}, "3": {"execution_time": 0.6162030696868896, "passed": true}, "4": {"execution_time": 1.1536850929260254, "passed": true}, "5": {"execution_time": 1.458423376083374, "passed": true}, "6": {"execution_time": 0.6324412822723389, "passed": true}, "7": {"execution_time": 1.4153754711151123, "passed": true}, "8": {"execution_time": 0.5850605964660645, "passed": true}, "9": {"execution_time": 0.6012437343597412, "passed": true}, "10": {"execution_time": 0.5167829990386963, "passed": true}, "11": {"execution_time": 3.622100353240967, "passed": true}, "12": {"execution_time": 0.61696457862854, "passed": true}, "13": {"execution_time": 0.4107975959777832, "passed": true}, "14": {"execution_time": 0.5631840229034424, "passed": true}, "15": {"execution_time": 0.5338983535766602, "passed": true}, "16": {"execution_time": 0.3474884033203125, "passed": true}, "17": {"execution_time": 0.31610107421875, "passed": true}, "18": {"execution_time": 0.3002965450286865, "passed": true}, "19": {"execution_time": 0.30077457427978516, "passed": true}, "20": {"execution_time": 0.3849050998687744, "passed": true}, "21": {"execution_time": 0.3008291721343994, "passed": true}, "22": {"execution_time": 0.31646203994750977, "passed": true}, "23": {"execution_time": 0.2848947048187256, "passed": true}, "24": {"execution_time": 0.2319035530090332, "passed": true}, "25": {"execution_time": 0.5857362747192383, "passed": true}, "26": {"execution_time": 0.5705046653747559, "passed": true}, "27": {"execution_time": 0.6991620063781738, "passed": true}, "28": {"execution_time": 0.8820617198944092, "passed": true}, "29": {"execution_time": 0.2315964698791504, "passed": true}}}, "check_style_score": "0/1"}