{"version": "1", "message": "ERROR: Hidden Testcases server unreachable.", "problem_id": "ads2_m16_a1_1", "user_id": "lakshmipraneetha4", "score": {"sample": {"0": {"execution_time": 0.5281901359558105, "passed": true}, "1": {"execution_time": 0.40345215797424316, "passed": true}, "2": {"execution_time": 0.9007863998413086, "passed": true}, "3": {"execution_time": 0.7965312004089355, "passed": true}, "4": {"execution_time": 0.7570035457611084, "passed": true}, "5": {"execution_time": 0.7350120544433594, "passed": true}, "6": {"execution_time": 0.7548067569732666, "passed": true}, "7": {"execution_time": 0.9122295379638672, "passed": true}, "8": {"execution_time": 0.5341525077819824, "passed": true}, "9": {"execution_time": 0.714381217956543, "passed": true}, "10": {"execution_time": 0.7027556896209717, "passed": true}, "11": {"execution_time": 3.7134063243865967, "passed": true}, "12": {"execution_time": 0.7576699256896973, "passed": true}, "13": {"execution_time": 0.42673230171203613, "passed": true}, "14": {"execution_time": 0.7375955581665039, "passed": true}, "15": {"execution_time": 0.7472364902496338, "passed": true}, "16": {"execution_time": 0.5803430080413818, "passed": true}, "17": {"execution_time": 0.4551060199737549, "passed": true}, "18": {"execution_time": 0.4355471134185791, "passed": true}, "19": {"execution_time": 0.45334839820861816, "passed": true}, "20": {"execution_time": 0.452667236328125, "passed": true}, "21": {"execution_time": 0.3921322822570801, "passed": true}, "22": {"execution_time": 0.3750572204589844, "passed": true}, "23": {"execution_time": 0.46610569953918457, "passed": true}, "24": {"execution_time": 0.3564784526824951, "passed": true}, "25": {"execution_time": 0.7266421318054199, "passed": true}, "26": {"execution_time": 0.8175458908081055, "passed": true}, "27": {"execution_time": 0.8594706058502197, "passed": true}, "28": {"execution_time": 1.0946917533874512, "passed": true}, "29": {"execution_time": 0.38802218437194824, "passed": true}}}, "check_style_score": "0/1"}