{"version": "1", "message": "ERROR: Hidden Testcases server unreachable.", "problem_id": "ads2_m16_a1_1", "user_id": "lakshmipraneetha4", "score": {"sample": {"0": {"execution_time": 0.27089929580688477, "passed": true}, "1": {"execution_time": 0.34125638008117676, "passed": true}, "2": {"execution_time": 0.559542179107666, "passed": true}, "3": {"execution_time": 0.5760838985443115, "passed": true}, "4": {"execution_time": 0.5257859230041504, "passed": true}, "5": {"execution_time": 0.5058200359344482, "passed": true}, "6": {"execution_time": 0.5058703422546387, "passed": true}, "7": {"execution_time": 0.5297648906707764, "passed": true}, "8": {"execution_time": 0.31897687911987305, "passed": true}, "9": {"execution_time": 0.5411760807037354, "passed": true}, "10": {"execution_time": 0.5202145576477051, "passed": true}, "11": {"execution_time": 3.4945735931396484, "passed": true}, "12": {"execution_time": 0.5147655010223389, "passed": true}, "13": {"execution_time": 0.2251298427581787, "passed": true}, "14": {"execution_time": 0.5490307807922363, "passed": true}, "15": {"execution_time": 0.5584237575531006, "passed": true}, "16": {"execution_time": 0.3098335266113281, "passed": true}, "17": {"execution_time": 0.26610684394836426, "passed": true}, "18": {"execution_time": 0.28456640243530273, "passed": true}, "19": {"execution_time": 0.2700777053833008, "passed": true}, "20": {"execution_time": 0.380220890045166, "passed": true}, "21": {"execution_time": 0.25206780433654785, "passed": true}, "22": {"execution_time": 0.23984575271606445, "passed": true}, "23": {"execution_time": 0.30850672721862793, "passed": true}, "24": {"execution_time": 0.2389545440673828, "passed": true}, "25": {"execution_time": 0.5399487018585205, "passed": true}, "26": {"execution_time": 0.5528743267059326, "passed": true}, "27": {"execution_time": 0.5525400638580322, "passed": true}, "28": {"execution_time": 0.8168449401855469, "passed": true}, "29": {"execution_time": 0.22402167320251465, "passed": true}}}, "check_style_score": "0/1"}