{"version": "1", "message": "ERROR: Hidden Testcases server unreachable.", "problem_id": "ads2_m16_a1_1", "user_id": "lakshmipraneetha4", "score": {"sample": {"0": {"execution_time": 1.4965486526489258, "passed": true}, "1": {"execution_time": 1.6403629779815674, "passed": false}, "2": {"execution_time": 2.408658742904663, "passed": true}, "3": {"execution_time": 2.709217071533203, "passed": true}, "4": {"execution_time": 3.1046881675720215, "passed": true}, "5": {"execution_time": 2.6734671592712402, "passed": true}, "6": {"execution_time": 3.085219621658325, "passed": true}, "7": {"execution_time": 2.6110117435455322, "passed": true}, "8": {"execution_time": 2.107577323913574, "passed": false}, "9": {"execution_time": 1.294259786605835, "passed": true}, "10": {"execution_time": 1.2415647506713867, "passed": true}, "11": {"execution_time": 1.495028018951416, "passed": false}, "12": {"execution_time": 3.510915994644165, "passed": false}, "13": {"execution_time": 1.7100331783294678, "passed": true}, "14": {"execution_time": 1.16302490234375, "passed": true}, "15": {"execution_time": 10.141098499298096, "passed": false}, "16": {"execution_time": 1.5378849506378174, "passed": true}, "17": {"execution_time": 1.457707166671753, "passed": true}, "18": {"execution_time": 1.6520416736602783, "passed": true}, "19": {"execution_time": 10.050562858581543, "passed": false}, "20": {"execution_time": 10.033014297485352, "passed": false}, "21": {"execution_time": 0.36548757553100586, "passed": true}, "22": {"execution_time": 0.42154574394226074, "passed": true}, "23": {"execution_time": 10.029186725616455, "passed": false}, "24": {"execution_time": 1.261047601699829, "passed": true}, "25": {"execution_time": 10.132880687713623, "passed": false}, "26": {"execution_time": 10.739624500274658, "passed": false}, "27": {"execution_time": 10.173078060150146, "passed": false}, "28": {"execution_time": 10.177973747253418, "passed": false}, "29": {"execution_time": 0.5340657234191895, "passed": false}}}, "check_style_score": "0/1"}