{"version": "1", "message": "ERROR: Hidden Testcases server unreachable.", "problem_id": "ads2_m16_a1_1", "user_id": "lakshmipraneetha4", "score": {"sample": {"0": {"execution_time": 0.2612473964691162, "passed": true}, "1": {"execution_time": 0.31101560592651367, "passed": true}, "2": {"execution_time": 0.5472218990325928, "passed": true}, "3": {"execution_time": 0.5159564018249512, "passed": true}, "4": {"execution_time": 0.4922916889190674, "passed": true}, "5": {"execution_time": 0.5140397548675537, "passed": true}, "6": {"execution_time": 0.5152602195739746, "passed": true}, "7": {"execution_time": 0.5626957416534424, "passed": true}, "8": {"execution_time": 0.33956193923950195, "passed": true}, "9": {"execution_time": 0.507641077041626, "passed": true}, "10": {"execution_time": 0.5264296531677246, "passed": true}, "11": {"execution_time": 3.491604804992676, "passed": true}, "12": {"execution_time": 0.538466215133667, "passed": true}, "13": {"execution_time": 0.24085736274719238, "passed": true}, "14": {"execution_time": 0.5291168689727783, "passed": true}, "15": {"execution_time": 0.5541603565216064, "passed": true}, "16": {"execution_time": 0.25992822647094727, "passed": true}, "17": {"execution_time": 0.29917025566101074, "passed": true}, "18": {"execution_time": 0.3938729763031006, "passed": true}, "19": {"execution_time": 0.34995579719543457, "passed": true}, "20": {"execution_time": 0.34091615676879883, "passed": true}, "21": {"execution_time": 0.2451157569885254, "passed": true}, "22": {"execution_time": 0.2987673282623291, "passed": true}, "23": {"execution_time": 0.313549280166626, "passed": true}, "24": {"execution_time": 0.20950078964233398, "passed": true}, "25": {"execution_time": 0.5596656799316406, "passed": true}, "26": {"execution_time": 0.5335941314697266, "passed": true}, "27": {"execution_time": 0.5694785118103027, "passed": true}, "28": {"execution_time": 0.8237018585205078, "passed": true}, "29": {"execution_time": 0.24050354957580566, "passed": true}}}, "check_style_score": "0/1"}