{"version": "1", "message": "ERROR: Hidden Testcases server unreachable.", "problem_id": "ads2_m16_a1_1", "user_id": "lakshmipraneetha4", "score": {"sample": {"0": {"execution_time": 0.2592616081237793, "passed": true}, "1": {"execution_time": 0.29326891899108887, "passed": true}, "2": {"execution_time": 0.5567011833190918, "passed": true}, "3": {"execution_time": 0.5683994293212891, "passed": true}, "4": {"execution_time": 0.5662305355072021, "passed": true}, "5": {"execution_time": 0.5352070331573486, "passed": true}, "6": {"execution_time": 0.626075029373169, "passed": true}, "7": {"execution_time": 0.5832548141479492, "passed": true}, "8": {"execution_time": 0.3521003723144531, "passed": true}, "9": {"execution_time": 0.6325442790985107, "passed": true}, "10": {"execution_time": 0.5707738399505615, "passed": true}, "11": {"execution_time": 3.5285580158233643, "passed": true}, "12": {"execution_time": 0.5636968612670898, "passed": true}, "13": {"execution_time": 0.2728910446166992, "passed": true}, "14": {"execution_time": 0.5794920921325684, "passed": true}, "15": {"execution_time": 0.544224739074707, "passed": true}, "16": {"execution_time": 0.3287336826324463, "passed": true}, "17": {"execution_time": 0.41539764404296875, "passed": true}, "18": {"execution_time": 0.35485029220581055, "passed": true}, "19": {"execution_time": 0.35364651679992676, "passed": true}, "20": {"execution_time": 0.3902606964111328, "passed": true}, "21": {"execution_time": 0.2961435317993164, "passed": true}, "22": {"execution_time": 0.31218504905700684, "passed": true}, "23": {"execution_time": 0.3181586265563965, "passed": true}, "24": {"execution_time": 0.3065030574798584, "passed": true}, "25": {"execution_time": 0.5540478229522705, "passed": true}, "26": {"execution_time": 0.5727052688598633, "passed": true}, "27": {"execution_time": 0.7639307975769043, "passed": true}, "28": {"execution_time": 0.9474079608917236, "passed": true}, "29": {"execution_time": 0.23888397216796875, "passed": true}}}, "check_style_score": "1/1"}