{"version": "1", "message": "ERROR: Hidden Testcases server unreachable.", "problem_id": "ads2_m16_a1_1", "user_id": "lakshmipraneetha4", "score": {"sample": {"0": {"execution_time": 0.48606085777282715, "passed": true}, "1": {"execution_time": 1.4276838302612305, "passed": true}, "2": {"execution_time": 0.6613943576812744, "passed": true}, "3": {"execution_time": 0.5238211154937744, "passed": true}, "4": {"execution_time": 0.5212595462799072, "passed": true}, "5": {"execution_time": 0.5785202980041504, "passed": true}, "6": {"execution_time": 0.7238845825195312, "passed": true}, "7": {"execution_time": 0.6080725193023682, "passed": true}, "8": {"execution_time": 0.3230910301208496, "passed": true}, "9": {"execution_time": 0.685218334197998, "passed": true}, "10": {"execution_time": 0.6911404132843018, "passed": true}, "11": {"execution_time": 4.009079933166504, "passed": true}, "12": {"execution_time": 0.7025706768035889, "passed": true}, "13": {"execution_time": 0.36653971672058105, "passed": true}, "14": {"execution_time": 0.5905852317810059, "passed": true}, "15": {"execution_time": 0.6692218780517578, "passed": true}, "16": {"execution_time": 0.3498821258544922, "passed": true}, "17": {"execution_time": 0.4513716697692871, "passed": true}, "18": {"execution_time": 0.3693411350250244, "passed": true}, "19": {"execution_time": 0.34769248962402344, "passed": true}, "20": {"execution_time": 0.3762824535369873, "passed": true}, "21": {"execution_time": 0.3457162380218506, "passed": true}, "22": {"execution_time": 0.48412561416625977, "passed": true}, "23": {"execution_time": 0.3459591865539551, "passed": true}, "24": {"execution_time": 0.24802637100219727, "passed": true}, "25": {"execution_time": 0.5926892757415771, "passed": true}, "26": {"execution_time": 1.1897032260894775, "passed": true}, "27": {"execution_time": 0.5759062767028809, "passed": true}, "28": {"execution_time": 1.4069714546203613, "passed": true}, "29": {"execution_time": 0.507188081741333, "passed": true}}}, "check_style_score": "1/1"}