{"version": "1", "message": "ERROR: Hidden Testcases server unreachable.", "problem_id": "ads2_m16_a1_1", "user_id": "lakshmipraneetha4", "score": {"sample": {"0": {"execution_time": 1.5874605178833008, "passed": true}, "1": {"execution_time": 1.5001475811004639, "passed": false}, "2": {"execution_time": 2.6654913425445557, "passed": true}, "3": {"execution_time": 2.4225106239318848, "passed": true}, "4": {"execution_time": 2.59678316116333, "passed": true}, "5": {"execution_time": 2.170189380645752, "passed": true}, "6": {"execution_time": 2.2203941345214844, "passed": true}, "7": {"execution_time": 2.3381826877593994, "passed": true}, "8": {"execution_time": 1.6420009136199951, "passed": false}, "9": {"execution_time": 1.2214198112487793, "passed": true}, "10": {"execution_time": 1.2201313972473145, "passed": true}, "11": {"execution_time": 1.3497264385223389, "passed": false}, "12": {"execution_time": 2.6653082370758057, "passed": false}, "13": {"execution_time": 1.4002010822296143, "passed": true}, "14": {"execution_time": 1.1823837757110596, "passed": true}, "15": {"execution_time": 10.133673667907715, "passed": false}, "16": {"execution_time": 1.3898146152496338, "passed": true}, "17": {"execution_time": 1.361361026763916, "passed": true}, "18": {"execution_time": 1.5179133415222168, "passed": true}, "19": {"execution_time": 10.044922351837158, "passed": false}, "20": {"execution_time": 10.042326927185059, "passed": false}, "21": {"execution_time": 0.39127135276794434, "passed": true}, "22": {"execution_time": 0.3854670524597168, "passed": true}, "23": {"execution_time": 10.036723375320435, "passed": false}, "24": {"execution_time": 1.4520609378814697, "passed": true}, "25": {"execution_time": 10.19310212135315, "passed": false}, "26": {"execution_time": 10.147808074951172, "passed": false}, "27": {"execution_time": 10.13173794746399, "passed": false}, "28": {"execution_time": 10.173052787780762, "passed": false}, "29": {"execution_time": 0.2834322452545166, "passed": true}}}, "check_style_score": "0/1"}