{"version": "1", "message": "ERROR: Hidden Testcases server unreachable.", "problem_id": "ads2_m16_a1_1", "user_id": "lakshmipraneetha4", "score": {"sample": {"0": {"execution_time": 0.32228946685791016, "passed": true}, "1": {"execution_time": 0.37047648429870605, "passed": false}, "2": {"execution_time": 1.1337120532989502, "passed": true}, "3": {"execution_time": 1.028226613998413, "passed": true}, "4": {"execution_time": 1.0091171264648438, "passed": true}, "5": {"execution_time": 1.0271596908569336, "passed": true}, "6": {"execution_time": 1.0029385089874268, "passed": true}, "7": {"execution_time": 1.0304360389709473, "passed": true}, "8": {"execution_time": 0.3465702533721924, "passed": false}, "9": {"execution_time": 1.0097405910491943, "passed": true}, "10": {"execution_time": 1.0122792720794678, "passed": true}, "11": {"execution_time": 0.2752811908721924, "passed": false}, "12": {"execution_time": 1.1197619438171387, "passed": false}, "13": {"execution_time": 0.3257780075073242, "passed": true}, "14": {"execution_time": 1.1808936595916748, "passed": true}, "15": {"execution_time": 1.2580947875976562, "passed": true}, "16": {"execution_time": 0.5945804119110107, "passed": true}, "17": {"execution_time": 0.6079885959625244, "passed": true}, "18": {"execution_time": 0.5687370300292969, "passed": true}, "19": {"execution_time": 0.7048978805541992, "passed": true}, "20": {"execution_time": 0.8906593322753906, "passed": true}, "21": {"execution_time": 0.5994691848754883, "passed": true}, "22": {"execution_time": 0.5640745162963867, "passed": true}, "23": {"execution_time": 0.6299386024475098, "passed": true}, "24": {"execution_time": 0.4071972370147705, "passed": true}, "25": {"execution_time": 1.3105237483978271, "passed": true}, "26": {"execution_time": 1.0063133239746094, "passed": true}, "27": {"execution_time": 1.7788536548614502, "passed": true}, "28": {"execution_time": 3.0395491123199463, "passed": true}, "29": {"execution_time": 0.40412330627441406, "passed": true}}}, "check_style_score": "0/1"}