{"version": "1", "message": "ERROR: Hidden Testcases server unreachable.", "problem_id": "ads2_m16_a1_1", "user_id": "lakshmipraneetha4", "score": {"sample": {"0": {"execution_time": 0.28472208976745605, "passed": true}, "1": {"execution_time": 0.30078744888305664, "passed": true}, "2": {"execution_time": 0.5859973430633545, "passed": true}, "3": {"execution_time": 0.5988979339599609, "passed": true}, "4": {"execution_time": 0.5540206432342529, "passed": true}, "5": {"execution_time": 0.5541102886199951, "passed": true}, "6": {"execution_time": 0.5702650547027588, "passed": true}, "7": {"execution_time": 0.57900071144104, "passed": true}, "8": {"execution_time": 0.34752774238586426, "passed": true}, "9": {"execution_time": 0.548180103302002, "passed": true}, "10": {"execution_time": 1.8319587707519531, "passed": true}, "11": {"execution_time": 3.510441303253174, "passed": true}, "12": {"execution_time": 0.64727783203125, "passed": true}, "13": {"execution_time": 0.35321974754333496, "passed": true}, "14": {"execution_time": 0.5476169586181641, "passed": true}, "15": {"execution_time": 0.5698995590209961, "passed": true}, "16": {"execution_time": 0.33860063552856445, "passed": true}, "17": {"execution_time": 0.31593966484069824, "passed": true}, "18": {"execution_time": 0.33215904235839844, "passed": true}, "19": {"execution_time": 0.3004419803619385, "passed": true}, "20": {"execution_time": 0.36279797554016113, "passed": true}, "21": {"execution_time": 0.31606030464172363, "passed": true}, "22": {"execution_time": 0.3320794105529785, "passed": true}, "23": {"execution_time": 0.31624889373779297, "passed": true}, "24": {"execution_time": 0.2849283218383789, "passed": true}, "25": {"execution_time": 0.569831371307373, "passed": true}, "26": {"execution_time": 0.5635085105895996, "passed": true}, "27": {"execution_time": 0.6012036800384521, "passed": true}, "28": {"execution_time": 0.8137974739074707, "passed": true}, "29": {"execution_time": 0.25353169441223145, "passed": true}}}, "check_style_score": "0/1"}