{"version": "1", "message": "ERROR: Hidden Testcases server unreachable.", "problem_id": "ads2_m16_a1_1", "user_id": "lakshmipraneetha4", "score": {"sample": {"0": {"execution_time": 0.2990531921386719, "passed": true}, "1": {"execution_time": 0.3203580379486084, "passed": true}, "2": {"execution_time": 0.5779538154602051, "passed": true}, "3": {"execution_time": 0.6476044654846191, "passed": true}, "4": {"execution_time": 0.5444107055664062, "passed": true}, "5": {"execution_time": 0.4960048198699951, "passed": true}, "6": {"execution_time": 0.5617356300354004, "passed": true}, "7": {"execution_time": 0.5823166370391846, "passed": true}, "8": {"execution_time": 0.34760546684265137, "passed": true}, "9": {"execution_time": 0.6407458782196045, "passed": true}, "10": {"execution_time": 0.5642492771148682, "passed": true}, "11": {"execution_time": 3.554094076156616, "passed": true}, "12": {"execution_time": 0.6013758182525635, "passed": true}, "13": {"execution_time": 0.28893232345581055, "passed": true}, "14": {"execution_time": 0.5701735019683838, "passed": true}, "15": {"execution_time": 0.6596500873565674, "passed": true}, "16": {"execution_time": 0.32443666458129883, "passed": true}, "17": {"execution_time": 0.33895421028137207, "passed": true}, "18": {"execution_time": 0.26511502265930176, "passed": true}, "19": {"execution_time": 0.3229970932006836, "passed": true}, "20": {"execution_time": 0.513272762298584, "passed": true}, "21": {"execution_time": 0.33745455741882324, "passed": true}, "22": {"execution_time": 0.2649204730987549, "passed": true}, "23": {"execution_time": 0.2833671569824219, "passed": true}, "24": {"execution_time": 0.23359107971191406, "passed": true}, "25": {"execution_time": 0.5946288108825684, "passed": true}, "26": {"execution_time": 0.5785965919494629, "passed": true}, "27": {"execution_time": 0.59385085105896, "passed": true}, "28": {"execution_time": 0.894139289855957, "passed": true}, "29": {"execution_time": 0.22005152702331543, "passed": true}}}, "check_style_score": "0/1"}