{"version": "1", "message": "ERROR: Hidden Testcases server unreachable.", "problem_id": "ads2_m6_a1_1", "user_id": "lakshmipraneetha4", "score": {"sample": {"0": {"execution_time": 0.48442530632019043, "passed": false}, "1": {"execution_time": 0.4999685287475586, "passed": false}, "2": {"execution_time": 0.5764667987823486, "passed": false}, "3": {"execution_time": 0.5143735408782959, "passed": false}, "4": {"execution_time": 0.555126428604126, "passed": false}, "5": {"execution_time": 0.5376524925231934, "passed": false}, "6": {"execution_time": 0.5267884731292725, "passed": true}, "7": {"execution_time": 0.5092458724975586, "passed": false}, "8": {"execution_time": 0.5338954925537109, "passed": true}, "9": {"execution_time": 0.5480597019195557, "passed": false}, "10": {"execution_time": 0.6645514965057373, "passed": true}, "11": {"execution_time": 0.4763619899749756, "passed": false}}}, "check_style_score": "1/1"}