{"version": "1", "message": "ERROR: Hidden Testcases server unreachable.", "problem_id": "ads2_m6_a1_1", "user_id": "lakshmipraneetha4", "score": {"sample": {"0": {"execution_time": 0.3613264560699463, "passed": false}, "1": {"execution_time": 0.28536200523376465, "passed": false}, "2": {"execution_time": 0.2982296943664551, "passed": false}, "3": {"execution_time": 0.35048770904541016, "passed": false}, "4": {"execution_time": 0.32384252548217773, "passed": false}, "5": {"execution_time": 0.31241321563720703, "passed": false}, "6": {"execution_time": 0.31639575958251953, "passed": false}, "7": {"execution_time": 0.3333168029785156, "passed": false}, "8": {"execution_time": 0.4745512008666992, "passed": false}, "9": {"execution_time": 0.26368284225463867, "passed": false}, "10": {"execution_time": 0.2904982566833496, "passed": false}, "11": {"execution_time": 0.3510279655456543, "passed": false}}}, "check_style_score": "1/1"}