{"version": "1", "message": "ERROR: Hidden Testcases server unreachable.", "problem_id": "ads2_m6_a1_1", "user_id": "lakshmipraneetha4", "score": {"sample": {"0": {"execution_time": 0.3826587200164795, "passed": false}, "1": {"execution_time": 0.4155900478363037, "passed": false}, "2": {"execution_time": 0.3904995918273926, "passed": false}, "3": {"execution_time": 0.3455789089202881, "passed": false}, "4": {"execution_time": 0.30634427070617676, "passed": false}, "5": {"execution_time": 0.3828465938568115, "passed": false}, "6": {"execution_time": 0.4217970371246338, "passed": true}, "7": {"execution_time": 0.37105655670166016, "passed": false}, "8": {"execution_time": 0.32912588119506836, "passed": true}, "9": {"execution_time": 0.3833169937133789, "passed": false}, "10": {"execution_time": 0.35335826873779297, "passed": true}, "11": {"execution_time": 0.4021902084350586, "passed": false}}}, "check_style_score": "1/1"}