{"version": "1", "message": "ERROR: Hidden Testcases server unreachable.", "problem_id": "ads2_m6_a1_1", "user_id": "lakshmipraneetha4", "score": {"sample": {"0": {"execution_time": 0.5107889175415039, "passed": false}, "1": {"execution_time": 0.5632660388946533, "passed": false}, "2": {"execution_time": 0.5413744449615479, "passed": false}, "3": {"execution_time": 0.5847949981689453, "passed": false}, "4": {"execution_time": 0.4035639762878418, "passed": false}, "5": {"execution_time": 0.4110128879547119, "passed": false}, "6": {"execution_time": 0.36646270751953125, "passed": true}, "7": {"execution_time": 0.39826035499572754, "passed": false}, "8": {"execution_time": 0.39151930809020996, "passed": true}, "9": {"execution_time": 0.4741659164428711, "passed": false}, "10": {"execution_time": 0.3360016345977783, "passed": true}, "11": {"execution_time": 0.37518310546875, "passed": false}}}, "check_style_score": "1/1"}