{"version": "1", "message": "ERROR: Hidden Testcases server unreachable.", "problem_id": "ads2_m6_a1_1", "user_id": "lakshmipraneetha4", "score": {"sample": {"0": {"execution_time": 0.4344654083251953, "passed": false}, "1": {"execution_time": 0.3817424774169922, "passed": false}, "2": {"execution_time": 0.32538890838623047, "passed": false}, "3": {"execution_time": 1.0704007148742676, "passed": false}, "4": {"execution_time": 0.4091951847076416, "passed": false}, "5": {"execution_time": 0.45756030082702637, "passed": false}, "6": {"execution_time": 0.3635895252227783, "passed": true}, "7": {"execution_time": 0.4107778072357178, "passed": false}, "8": {"execution_time": 0.5827858448028564, "passed": true}, "9": {"execution_time": 0.5767619609832764, "passed": false}, "10": {"execution_time": 0.4088118076324463, "passed": true}, "11": {"execution_time": 0.315873384475708, "passed": false}}}, "check_style_score": "1/1"}