{"version": "1", "message": "ERROR: Hidden Testcases server unreachable.", "problem_id": "ads2_m6_a1_1", "user_id": "lakshmipraneetha4", "score": {"sample": {"0": {"execution_time": 0.7400457859039307, "passed": false}, "1": {"execution_time": 0.5565352439880371, "passed": false}, "2": {"execution_time": 0.5933370590209961, "passed": false}, "3": {"execution_time": 0.5336756706237793, "passed": false}, "4": {"execution_time": 0.501046895980835, "passed": false}, "5": {"execution_time": 0.6014776229858398, "passed": false}, "6": {"execution_time": 0.5191924571990967, "passed": true}, "7": {"execution_time": 0.4858570098876953, "passed": false}, "8": {"execution_time": 0.4285557270050049, "passed": true}, "9": {"execution_time": 0.31677794456481934, "passed": false}, "10": {"execution_time": 0.3715956211090088, "passed": true}, "11": {"execution_time": 0.390270471572876, "passed": false}}}, "check_style_score": "1/1"}