{"version": "1", "message": "ERROR: Hidden Testcases server unreachable.", "problem_id": "ads2_m6_a1_1", "user_id": "lakshmipraneetha4", "score": {"sample": {"0": {"execution_time": 0.24576878547668457, "passed": false}, "1": {"execution_time": 0.24140381813049316, "passed": false}, "2": {"execution_time": 0.2739834785461426, "passed": false}, "3": {"execution_time": 0.259265661239624, "passed": false}, "4": {"execution_time": 0.35497260093688965, "passed": false}, "5": {"execution_time": 0.2470231056213379, "passed": false}, "6": {"execution_time": 0.26533055305480957, "passed": true}, "7": {"execution_time": 0.23957300186157227, "passed": false}, "8": {"execution_time": 0.27861475944519043, "passed": true}, "9": {"execution_time": 0.24658799171447754, "passed": false}, "10": {"execution_time": 0.2706623077392578, "passed": false}, "11": {"execution_time": 0.2347884178161621, "passed": false}}}, "check_style_score": "1/1"}