{"version": "1", "message": "ERROR: Hidden Testcases server unreachable.", "problem_id": "ads2_m6_a1_1", "user_id": "lakshmipraneetha4", "score": {"sample": {"0": {"execution_time": 0.22443103790283203, "passed": false}, "1": {"execution_time": 0.25640249252319336, "passed": false}, "2": {"execution_time": 0.24002432823181152, "passed": false}, "3": {"execution_time": 0.25245213508605957, "passed": false}, "4": {"execution_time": 0.2789804935455322, "passed": false}, "5": {"execution_time": 0.23674750328063965, "passed": false}, "6": {"execution_time": 0.2512683868408203, "passed": true}, "7": {"execution_time": 0.26387882232666016, "passed": false}, "8": {"execution_time": 0.3079099655151367, "passed": true}, "9": {"execution_time": 0.24965238571166992, "passed": false}, "10": {"execution_time": 0.2604365348815918, "passed": false}, "11": {"execution_time": 0.2695960998535156, "passed": false}}}, "check_style_score": "0/1"}