{"version": "1", "message": "ERROR: Hidden Testcases server unreachable.", "problem_id": "ads2_m6_a1_1", "user_id": "lakshmipraneetha4", "score": {"sample": {"0": {"execution_time": 0.24883627891540527, "passed": false}, "1": {"execution_time": 0.2952086925506592, "passed": false}, "2": {"execution_time": 0.2578237056732178, "passed": false}, "3": {"execution_time": 0.26589012145996094, "passed": false}, "4": {"execution_time": 0.26970386505126953, "passed": false}, "5": {"execution_time": 0.2507898807525635, "passed": false}, "6": {"execution_time": 0.26563382148742676, "passed": true}, "7": {"execution_time": 0.2562096118927002, "passed": false}, "8": {"execution_time": 0.27196669578552246, "passed": true}, "9": {"execution_time": 0.23296761512756348, "passed": false}, "10": {"execution_time": 0.2543954849243164, "passed": false}, "11": {"execution_time": 0.2919485569000244, "passed": false}}}, "check_style_score": "0/1"}