{"version": "1", "message": "ERROR: Hidden Testcases server unreachable.", "problem_id": "ads2_m6_a1_1", "user_id": "lakshmipraneetha4", "score": {"sample": {"0": {"execution_time": 0.46453094482421875, "passed": false}, "1": {"execution_time": 0.4448075294494629, "passed": false}, "2": {"execution_time": 0.3904097080230713, "passed": false}, "3": {"execution_time": 0.5343780517578125, "passed": false}, "4": {"execution_time": 0.39571261405944824, "passed": false}, "5": {"execution_time": 0.39101243019104004, "passed": false}, "6": {"execution_time": 0.366534948348999, "passed": false}, "7": {"execution_time": 0.3886265754699707, "passed": false}, "8": {"execution_time": 0.37046051025390625, "passed": false}, "9": {"execution_time": 0.3677387237548828, "passed": false}, "10": {"execution_time": 0.4167797565460205, "passed": false}, "11": {"execution_time": 0.500946044921875, "passed": false}}}, "check_style_score": "1/1"}