{"version": "1", "message": "ERROR: Hidden Testcases server unreachable.", "problem_id": "ads2_m6_a1_1", "user_id": "lakshmipraneetha4", "score": {"sample": {"0": {"execution_time": 0.22896170616149902, "passed": false}, "1": {"execution_time": 0.2801787853240967, "passed": false}, "2": {"execution_time": 0.23910021781921387, "passed": false}, "3": {"execution_time": 0.26771092414855957, "passed": false}, "4": {"execution_time": 0.27105069160461426, "passed": false}, "5": {"execution_time": 0.2785055637359619, "passed": false}, "6": {"execution_time": 0.2563588619232178, "passed": true}, "7": {"execution_time": 0.25453972816467285, "passed": false}, "8": {"execution_time": 0.2547638416290283, "passed": true}, "9": {"execution_time": 0.28147029876708984, "passed": false}, "10": {"execution_time": 0.2582399845123291, "passed": false}, "11": {"execution_time": 0.2728571891784668, "passed": false}}}, "check_style_score": "1/1"}