{"version": "1", "message": "ERROR: Hidden Testcases server unreachable.", "problem_id": "ads2_m6_a1_1", "user_id": "lakshmipraneetha4", "score": {"sample": {"0": {"execution_time": 0.33502745628356934, "passed": false}, "1": {"execution_time": 0.4420440196990967, "passed": false}, "2": {"execution_time": 0.39696836471557617, "passed": false}, "3": {"execution_time": 0.43590593338012695, "passed": false}, "4": {"execution_time": 0.36891794204711914, "passed": false}, "5": {"execution_time": 0.36972928047180176, "passed": true}, "6": {"execution_time": 0.32692718505859375, "passed": true}, "7": {"execution_time": 0.3848288059234619, "passed": false}, "8": {"execution_time": 0.38669610023498535, "passed": true}, "9": {"execution_time": 0.35781335830688477, "passed": false}, "10": {"execution_time": 0.31038522720336914, "passed": true}, "11": {"execution_time": 0.45737504959106445, "passed": false}}}, "check_style_score": "1/1"}