{"version": "1", "message": "ERROR: Hidden Testcases server unreachable.", "problem_id": "ads2_m6_a1_1", "user_id": "lakshmipraneetha4", "score": {"sample": {"0": {"execution_time": 0.3965299129486084, "passed": false}, "1": {"execution_time": 0.4953286647796631, "passed": false}, "2": {"execution_time": 0.39165163040161133, "passed": false}, "3": {"execution_time": 0.34243083000183105, "passed": false}, "4": {"execution_time": 0.3736600875854492, "passed": false}, "5": {"execution_time": 0.39048266410827637, "passed": false}, "6": {"execution_time": 0.3822822570800781, "passed": true}, "7": {"execution_time": 0.43206310272216797, "passed": false}, "8": {"execution_time": 0.42836833000183105, "passed": true}, "9": {"execution_time": 0.4077339172363281, "passed": false}, "10": {"execution_time": 0.36065173149108887, "passed": true}, "11": {"execution_time": 0.34365296363830566, "passed": false}}}, "check_style_score": "1/1"}