{"version": "1", "message": "ERROR: Hidden Testcases server unreachable.", "problem_id": "ads2_m6_a1_1", "user_id": "lakshmipraneetha4", "score": {"sample": {"0": {"execution_time": 0.22982287406921387, "passed": false}, "1": {"execution_time": 0.2398967742919922, "passed": false}, "2": {"execution_time": 0.2808079719543457, "passed": false}, "3": {"execution_time": 0.2615673542022705, "passed": false}, "4": {"execution_time": 0.24832606315612793, "passed": false}, "5": {"execution_time": 0.263857364654541, "passed": false}, "6": {"execution_time": 0.2917056083679199, "passed": true}, "7": {"execution_time": 0.277437686920166, "passed": false}, "8": {"execution_time": 0.26319193840026855, "passed": true}, "9": {"execution_time": 0.2630653381347656, "passed": false}, "10": {"execution_time": 0.26467299461364746, "passed": false}, "11": {"execution_time": 0.26085901260375977, "passed": false}}}, "check_style_score": "1/1"}