{"version": "1", "message": "ERROR: Hidden Testcases server unreachable.", "problem_id": "ads2_m6_a1_1", "user_id": "lakshmipraneetha4", "score": {"sample": {"0": {"execution_time": 0.3323478698730469, "passed": false}, "1": {"execution_time": 0.399899959564209, "passed": false}, "2": {"execution_time": 0.38062381744384766, "passed": false}, "3": {"execution_time": 0.38866376876831055, "passed": false}, "4": {"execution_time": 0.3794565200805664, "passed": false}, "5": {"execution_time": 0.39944958686828613, "passed": false}, "6": {"execution_time": 0.3606071472167969, "passed": true}, "7": {"execution_time": 0.37491393089294434, "passed": false}, "8": {"execution_time": 0.36048078536987305, "passed": true}, "9": {"execution_time": 0.3526914119720459, "passed": false}, "10": {"execution_time": 0.43720555305480957, "passed": true}, "11": {"execution_time": 0.3731706142425537, "passed": false}}}, "check_style_score": "1/1"}