{"version": "1", "message": "ERROR: Hidden Testcases server unreachable.", "problem_id": "ads2_m6_a1_1", "user_id": "lakshmipraneetha4", "score": {"sample": {"0": {"execution_time": 0.4438183307647705, "passed": false}, "1": {"execution_time": 0.4892611503601074, "passed": false}, "2": {"execution_time": 0.5389409065246582, "passed": false}, "3": {"execution_time": 0.5428786277770996, "passed": false}, "4": {"execution_time": 0.5425934791564941, "passed": false}, "5": {"execution_time": 0.541534423828125, "passed": false}, "6": {"execution_time": 0.5080873966217041, "passed": true}, "7": {"execution_time": 0.5102081298828125, "passed": false}, "8": {"execution_time": 0.5830421447753906, "passed": true}, "9": {"execution_time": 0.3622870445251465, "passed": false}, "10": {"execution_time": 0.3799703121185303, "passed": true}, "11": {"execution_time": 0.34969401359558105, "passed": false}}}, "check_style_score": "1/1"}