{"version": "1", "message": "ERROR: Hidden Testcases server unreachable.", "problem_id": "ads2_m6_a1_1", "user_id": "lakshmipraneetha4", "score": {"sample": {"0": {"execution_time": 0.24259495735168457, "passed": false}, "1": {"execution_time": 0.26628994941711426, "passed": false}, "2": {"execution_time": 0.2594423294067383, "passed": false}, "3": {"execution_time": 0.28899645805358887, "passed": false}, "4": {"execution_time": 0.26984524726867676, "passed": false}, "5": {"execution_time": 0.24697637557983398, "passed": false}, "6": {"execution_time": 0.8879694938659668, "passed": true}, "7": {"execution_time": 0.2713336944580078, "passed": false}, "8": {"execution_time": 0.2538130283355713, "passed": true}, "9": {"execution_time": 0.27066969871520996, "passed": false}, "10": {"execution_time": 0.2844829559326172, "passed": false}, "11": {"execution_time": 0.2523810863494873, "passed": false}}}, "check_style_score": "1/1"}