{"version": "1", "message": "ERROR: Hidden Testcases server unreachable.", "problem_id": "ads2_m6_a1_1", "user_id": "lakshmipraneetha4", "score": {"sample": {"0": {"execution_time": 0.23180389404296875, "passed": false}, "1": {"execution_time": 0.26528167724609375, "passed": false}, "2": {"execution_time": 0.19948697090148926, "passed": false}, "3": {"execution_time": 0.22539710998535156, "passed": false}, "4": {"execution_time": 0.22539710998535156, "passed": false}, "5": {"execution_time": 0.21642160415649414, "passed": false}, "6": {"execution_time": 0.26429271697998047, "passed": false}, "7": {"execution_time": 0.31871747970581055, "passed": false}, "8": {"execution_time": 0.2608795166015625, "passed": false}, "9": {"execution_time": 0.22202754020690918, "passed": false}, "10": {"execution_time": 0.3098793029785156, "passed": false}, "11": {"execution_time": 0.24205923080444336, "passed": false}}}, "check_style_score": "0/1"}