{"version": "1", "message": "ERROR: Hidden Testcases server unreachable.", "problem_id": "ads2_m6_a1_1", "user_id": "lakshmipraneetha4", "score": {"sample": {"0": {"execution_time": 0.2303459644317627, "passed": false}, "1": {"execution_time": 0.2513701915740967, "passed": false}, "2": {"execution_time": 0.2480297088623047, "passed": false}, "3": {"execution_time": 0.28093862533569336, "passed": false}, "4": {"execution_time": 0.2530994415283203, "passed": false}, "5": {"execution_time": 0.2877390384674072, "passed": false}, "6": {"execution_time": 0.23975253105163574, "passed": false}, "7": {"execution_time": 0.28719091415405273, "passed": false}, "8": {"execution_time": 0.24981451034545898, "passed": false}, "9": {"execution_time": 0.25742077827453613, "passed": false}, "10": {"execution_time": 0.2580409049987793, "passed": false}, "11": {"execution_time": 0.26634860038757324, "passed": false}}}, "check_style_score": "0/1"}