{"version": "1", "message": "ERROR: Hidden Testcases server unreachable.", "problem_id": "ads2_m6_a1_1", "user_id": "lakshmipraneetha4", "score": {"sample": {"0": {"execution_time": 0.32703685760498047, "passed": false}, "1": {"execution_time": 0.5657050609588623, "passed": false}, "2": {"execution_time": 0.5386745929718018, "passed": false}, "3": {"execution_time": 0.5325014591217041, "passed": false}, "4": {"execution_time": 0.5223448276519775, "passed": false}, "5": {"execution_time": 0.5500555038452148, "passed": false}, "6": {"execution_time": 0.48537468910217285, "passed": true}, "7": {"execution_time": 0.619661808013916, "passed": false}, "8": {"execution_time": 0.5489318370819092, "passed": true}, "9": {"execution_time": 0.5080058574676514, "passed": false}, "10": {"execution_time": 0.537527322769165, "passed": true}, "11": {"execution_time": 0.5334649085998535, "passed": false}}}, "check_style_score": "1/1"}