{"version": "1", "message": "ERROR: Hidden Testcases server unreachable.", "problem_id": "ads2_m6_a1_1", "user_id": "lakshmipraneetha4", "score": {"sample": {"0": {"execution_time": 0.4124634265899658, "passed": false}, "1": {"execution_time": 0.4714791774749756, "passed": false}, "2": {"execution_time": 0.3532369136810303, "passed": false}, "3": {"execution_time": 0.3680293560028076, "passed": false}, "4": {"execution_time": 0.32518911361694336, "passed": false}, "5": {"execution_time": 0.39899230003356934, "passed": false}, "6": {"execution_time": 0.37089014053344727, "passed": true}, "7": {"execution_time": 0.28841543197631836, "passed": false}, "8": {"execution_time": 0.39516520500183105, "passed": true}, "9": {"execution_time": 0.3833646774291992, "passed": false}, "10": {"execution_time": 0.39617204666137695, "passed": true}, "11": {"execution_time": 0.3879835605621338, "passed": false}}}, "check_style_score": "1/1"}