{"version": "1", "message": "ERROR: Hidden Testcases server unreachable.", "problem_id": "ads2_m6_a1_1", "user_id": "lakshmipraneetha4", "score": {"sample": {"0": {"execution_time": 0.2502603530883789, "passed": false}, "1": {"execution_time": 0.26445484161376953, "passed": false}, "2": {"execution_time": 0.2534153461456299, "passed": false}, "3": {"execution_time": 0.3142049312591553, "passed": false}, "4": {"execution_time": 0.29468512535095215, "passed": false}, "5": {"execution_time": 0.28844141960144043, "passed": false}, "6": {"execution_time": 0.24423813819885254, "passed": true}, "7": {"execution_time": 0.23439526557922363, "passed": false}, "8": {"execution_time": 0.2523641586303711, "passed": true}, "9": {"execution_time": 0.2914700508117676, "passed": false}, "10": {"execution_time": 0.2525029182434082, "passed": false}, "11": {"execution_time": 0.22823858261108398, "passed": false}}}, "check_style_score": "1/1"}