{"version": "1", "message": "ERROR: Hidden Testcases server unreachable.", "problem_id": "ads2_m6_a1_1", "user_id": "lakshmipraneetha4", "score": {"sample": {"0": {"execution_time": 0.25299835205078125, "passed": false}, "1": {"execution_time": 0.2528715133666992, "passed": false}, "2": {"execution_time": 0.2916097640991211, "passed": false}, "3": {"execution_time": 0.298809289932251, "passed": false}, "4": {"execution_time": 0.26921963691711426, "passed": false}, "5": {"execution_time": 0.24071097373962402, "passed": false}, "6": {"execution_time": 0.279376745223999, "passed": true}, "7": {"execution_time": 0.231248140335083, "passed": false}, "8": {"execution_time": 0.2815275192260742, "passed": true}, "9": {"execution_time": 0.2623121738433838, "passed": false}, "10": {"execution_time": 0.2586369514465332, "passed": false}, "11": {"execution_time": 0.27251458168029785, "passed": false}}}, "check_style_score": "0/1"}