{"version": "1", "message": "ERROR: Hidden Testcases server unreachable.", "problem_id": "ads2_m6_a1_1", "user_id": "lakshmipraneetha4", "score": {"sample": {"0": {"execution_time": 0.3793773651123047, "passed": false}, "1": {"execution_time": 0.37932705879211426, "passed": false}, "2": {"execution_time": 0.3643529415130615, "passed": false}, "3": {"execution_time": 0.5134866237640381, "passed": false}, "4": {"execution_time": 0.3731801509857178, "passed": false}, "5": {"execution_time": 0.40739011764526367, "passed": false}, "6": {"execution_time": 0.4095942974090576, "passed": true}, "7": {"execution_time": 0.3695385456085205, "passed": false}, "8": {"execution_time": 0.5210802555084229, "passed": true}, "9": {"execution_time": 0.3741774559020996, "passed": false}, "10": {"execution_time": 0.36124515533447266, "passed": true}, "11": {"execution_time": 0.3816971778869629, "passed": false}}}, "check_style_score": "1/1"}