{"version": "1", "message": "ERROR: Hidden Testcases server unreachable.", "problem_id": "ads2_m6_a1_1", "user_id": "lakshmipraneetha4", "score": {"sample": {"0": {"execution_time": 0.3232448101043701, "passed": false}, "1": {"execution_time": 0.40642309188842773, "passed": false}, "2": {"execution_time": 0.3897097110748291, "passed": false}, "3": {"execution_time": 0.3525383472442627, "passed": false}, "4": {"execution_time": 0.532567024230957, "passed": false}, "5": {"execution_time": 0.5387248992919922, "passed": false}, "6": {"execution_time": 0.5268650054931641, "passed": true}, "7": {"execution_time": 0.54496169090271, "passed": false}, "8": {"execution_time": 0.5185041427612305, "passed": true}, "9": {"execution_time": 0.5727066993713379, "passed": false}, "10": {"execution_time": 0.5338189601898193, "passed": true}, "11": {"execution_time": 0.9439952373504639, "passed": false}}}, "check_style_score": "1/1"}