{"version": "1", "message": "ERROR: Hidden Testcases server unreachable.", "problem_id": "ads2_m6_a1_1", "user_id": "lakshmipraneetha4", "score": {"sample": {"0": {"execution_time": 0.3650364875793457, "passed": false}, "1": {"execution_time": 0.3682279586791992, "passed": false}, "2": {"execution_time": 0.38471245765686035, "passed": false}, "3": {"execution_time": 0.41202497482299805, "passed": false}, "4": {"execution_time": 0.42281365394592285, "passed": false}, "5": {"execution_time": 0.3814201354980469, "passed": false}, "6": {"execution_time": 0.40518736839294434, "passed": true}, "7": {"execution_time": 0.32036781311035156, "passed": false}, "8": {"execution_time": 0.3698287010192871, "passed": true}, "9": {"execution_time": 0.40416741371154785, "passed": false}, "10": {"execution_time": 0.35307860374450684, "passed": true}, "11": {"execution_time": 0.38356685638427734, "passed": false}}}, "check_style_score": "1/1"}