{"version": "1", "message": "ERROR: Hidden Testcases server unreachable.", "problem_id": "ads2_m6_a1_1", "user_id": "lakshmipraneetha4", "score": {"sample": {"0": {"execution_time": 0.27042126655578613, "passed": false}, "1": {"execution_time": 0.2528502941131592, "passed": false}, "2": {"execution_time": 0.2897474765777588, "passed": false}, "3": {"execution_time": 0.23873615264892578, "passed": false}, "4": {"execution_time": 0.2736527919769287, "passed": false}, "5": {"execution_time": 0.22571325302124023, "passed": false}, "6": {"execution_time": 0.2615549564361572, "passed": true}, "7": {"execution_time": 0.2547283172607422, "passed": false}, "8": {"execution_time": 0.27163052558898926, "passed": true}, "9": {"execution_time": 0.2530992031097412, "passed": false}, "10": {"execution_time": 0.27814435958862305, "passed": false}, "11": {"execution_time": 0.2741701602935791, "passed": false}}}, "check_style_score": "1/1"}