{"version": "1", "message": "ERROR: Hidden Testcases server unreachable.", "problem_id": "ads2_m6_a1_1", "user_id": "lakshmipraneetha4", "score": {"sample": {"0": {"execution_time": 0.36144375801086426, "passed": false}, "1": {"execution_time": 0.4927828311920166, "passed": false}, "2": {"execution_time": 0.4400675296783447, "passed": false}, "3": {"execution_time": 0.35034918785095215, "passed": false}, "4": {"execution_time": 0.37838077545166016, "passed": false}, "5": {"execution_time": 0.3603219985961914, "passed": false}, "6": {"execution_time": 0.39335036277770996, "passed": true}, "7": {"execution_time": 0.3854258060455322, "passed": false}, "8": {"execution_time": 0.37073850631713867, "passed": true}, "9": {"execution_time": 0.43976712226867676, "passed": false}, "10": {"execution_time": 0.4060499668121338, "passed": true}, "11": {"execution_time": 0.35100626945495605, "passed": false}}}, "check_style_score": "1/1"}