{"version": "1", "message": "ERROR: Hidden Testcases server unreachable.", "problem_id": "ads2_m6_a1_1", "user_id": "lakshmipraneetha4", "score": {"sample": {"0": {"execution_time": 0.23182010650634766, "passed": false}, "1": {"execution_time": 0.2376842498779297, "passed": false}, "2": {"execution_time": 0.3222689628601074, "passed": false}, "3": {"execution_time": 0.29863953590393066, "passed": false}, "4": {"execution_time": 0.2730860710144043, "passed": false}, "5": {"execution_time": 0.29309654235839844, "passed": false}, "6": {"execution_time": 0.2580687999725342, "passed": true}, "7": {"execution_time": 0.2866239547729492, "passed": false}, "8": {"execution_time": 0.24055838584899902, "passed": true}, "9": {"execution_time": 0.27735185623168945, "passed": false}, "10": {"execution_time": 0.27184319496154785, "passed": false}, "11": {"execution_time": 0.2771449089050293, "passed": false}}}, "check_style_score": "0/1"}