{"version": "1", "message": "ERROR: Hidden Testcases server unreachable.", "problem_id": "ads2_m4_a1_1", "user_id": "lakshmipraneetha4", "score": {"sample": {"0": {"execution_time": 0.3375380039215088, "passed": true}, "1": {"execution_time": 0.3920938968658447, "passed": true}, "2": {"execution_time": 0.4073219299316406, "passed": true}, "3": {"execution_time": 0.3975710868835449, "passed": true}, "4": {"execution_time": 0.39023876190185547, "passed": true}, "5": {"execution_time": 0.31056761741638184, "passed": true}, "6": {"execution_time": 0.35755443572998047, "passed": true}, "7": {"execution_time": 0.31797099113464355, "passed": true}, "8": {"execution_time": 0.38393497467041016, "passed": true}, "9": {"execution_time": 0.2657909393310547, "passed": true}, "10": {"execution_time": 0.25681543350219727, "passed": true}, "11": {"execution_time": 0.27452850341796875, "passed": true}, "12": {"execution_time": 0.38150906562805176, "passed": true}, "13": {"execution_time": 1.101832628250122, "passed": true}, "14": {"execution_time": 0.3206162452697754, "passed": true}}}, "check_style_score": "0/1"}