{"version": "1", "message": "ERROR: Hidden Testcases server unreachable.", "problem_id": "ads2_m4_a1_1", "user_id": "lakshmipraneetha4", "score": {"sample": {"0": {"execution_time": 0.21198248863220215, "passed": false}, "1": {"execution_time": 0.2320849895477295, "passed": false}, "2": {"execution_time": 0.2817528247833252, "passed": false}, "3": {"execution_time": 0.32854366302490234, "passed": false}, "4": {"execution_time": 0.21680784225463867, "passed": false}, "5": {"execution_time": 0.24815821647644043, "passed": false}, "6": {"execution_time": 0.24920916557312012, "passed": false}, "7": {"execution_time": 0.21445083618164062, "passed": false}, "8": {"execution_time": 0.24818992614746094, "passed": false}, "9": {"execution_time": 0.24726128578186035, "passed": false}, "10": {"execution_time": 0.22031402587890625, "passed": false}, "11": {"execution_time": 0.25968003273010254, "passed": true}, "12": {"execution_time": 0.22902297973632812, "passed": true}, "13": {"execution_time": 0.7489104270935059, "passed": false}, "14": {"execution_time": 0.20113778114318848, "passed": false}}}, "check_style_score": "0/1"}