{"version": "1", "message": "ERROR: Hidden Testcases server unreachable.", "problem_id": "ads2_m4_a1_1", "user_id": "lakshmipraneetha4", "score": {"sample": {"0": {"execution_time": 0.23463845252990723, "passed": true}, "1": {"execution_time": 0.2925832271575928, "passed": true}, "2": {"execution_time": 0.3084859848022461, "passed": true}, "3": {"execution_time": 0.29593920707702637, "passed": true}, "4": {"execution_time": 0.2807657718658447, "passed": true}, "5": {"execution_time": 0.22336697578430176, "passed": true}, "6": {"execution_time": 0.2530190944671631, "passed": true}, "7": {"execution_time": 0.2686798572540283, "passed": true}, "8": {"execution_time": 0.25737977027893066, "passed": true}, "9": {"execution_time": 0.18469452857971191, "passed": true}, "10": {"execution_time": 0.25910139083862305, "passed": true}, "11": {"execution_time": 0.20943331718444824, "passed": true}, "12": {"execution_time": 0.2421412467956543, "passed": true}, "13": {"execution_time": 0.8760995864868164, "passed": true}, "14": {"execution_time": 0.21335244178771973, "passed": true}}}, "check_style_score": "0/1"}