{"version": "1", "message": "ERROR: Hidden Testcases server unreachable.", "problem_id": "ads2_m4_a1_1", "user_id": "lakshmipraneetha4", "score": {"sample": {"0": {"execution_time": 0.34979844093322754, "passed": true}, "1": {"execution_time": 0.34285807609558105, "passed": true}, "2": {"execution_time": 0.4171323776245117, "passed": true}, "3": {"execution_time": 0.40646791458129883, "passed": true}, "4": {"execution_time": 0.3573768138885498, "passed": true}, "5": {"execution_time": 0.43039417266845703, "passed": true}, "6": {"execution_time": 1.6705260276794434, "passed": true}, "7": {"execution_time": 1.0811436176300049, "passed": true}, "8": {"execution_time": 0.3651466369628906, "passed": true}, "9": {"execution_time": 0.33421802520751953, "passed": true}, "10": {"execution_time": 0.36775732040405273, "passed": true}, "11": {"execution_time": 0.3054378032684326, "passed": true}, "12": {"execution_time": 0.34380269050598145, "passed": true}, "13": {"execution_time": 1.1340649127960205, "passed": true}, "14": {"execution_time": 0.2975895404815674, "passed": true}}}, "check_style_score": "0/1"}