{"version": "1", "message": "ERROR: Hidden Testcases server unreachable.", "problem_id": "ads2_m4_a1_1", "user_id": "lakshmipraneetha4", "score": {"sample": {"0": {"execution_time": 0.36010074615478516, "passed": true}, "1": {"execution_time": 0.2983694076538086, "passed": true}, "2": {"execution_time": 0.374051570892334, "passed": true}, "3": {"execution_time": 0.4475436210632324, "passed": true}, "4": {"execution_time": 0.3399066925048828, "passed": true}, "5": {"execution_time": 0.4027290344238281, "passed": true}, "6": {"execution_time": 0.3703134059906006, "passed": true}, "7": {"execution_time": 0.41194748878479004, "passed": true}, "8": {"execution_time": 0.4791407585144043, "passed": true}, "9": {"execution_time": 0.31705522537231445, "passed": true}, "10": {"execution_time": 0.30234360694885254, "passed": true}, "11": {"execution_time": 0.312619686126709, "passed": true}, "12": {"execution_time": 0.32536816596984863, "passed": true}, "13": {"execution_time": 1.1053941249847412, "passed": true}, "14": {"execution_time": 0.3526167869567871, "passed": true}}}, "check_style_score": "0/1"}