{"version": "1", "message": "ERROR: Hidden Testcases server unreachable.", "problem_id": "ads2_m4_a1_1", "user_id": "lakshmipraneetha4", "score": {"sample": {"0": {"execution_time": 0.40393948554992676, "passed": true}, "1": {"execution_time": 0.4003167152404785, "passed": true}, "2": {"execution_time": 0.3963298797607422, "passed": true}, "3": {"execution_time": 0.3443887233734131, "passed": true}, "4": {"execution_time": 0.3219480514526367, "passed": true}, "5": {"execution_time": 0.32864904403686523, "passed": true}, "6": {"execution_time": 0.34125804901123047, "passed": true}, "7": {"execution_time": 0.35108423233032227, "passed": true}, "8": {"execution_time": 0.4185459613800049, "passed": true}, "9": {"execution_time": 0.3169891834259033, "passed": true}, "10": {"execution_time": 0.3057596683502197, "passed": true}, "11": {"execution_time": 0.28554320335388184, "passed": true}, "12": {"execution_time": 0.3296070098876953, "passed": true}, "13": {"execution_time": 1.0647435188293457, "passed": true}, "14": {"execution_time": 0.311537504196167, "passed": true}}}, "check_style_score": "0/1"}