{"version": "1", "message": "ERROR: Hidden Testcases server unreachable.", "problem_id": "ads2_m4_a1_1", "user_id": "lakshmipraneetha4", "score": {"sample": {"0": {"execution_time": 0.37903428077697754, "passed": true}, "1": {"execution_time": 0.4738469123840332, "passed": true}, "2": {"execution_time": 0.4080498218536377, "passed": true}, "3": {"execution_time": 0.35797595977783203, "passed": true}, "4": {"execution_time": 0.3945200443267822, "passed": true}, "5": {"execution_time": 0.35610246658325195, "passed": true}, "6": {"execution_time": 0.35428881645202637, "passed": true}, "7": {"execution_time": 0.41796374320983887, "passed": true}, "8": {"execution_time": 0.40665197372436523, "passed": true}, "9": {"execution_time": 0.3139791488647461, "passed": true}, "10": {"execution_time": 0.3296020030975342, "passed": true}, "11": {"execution_time": 0.30278968811035156, "passed": true}, "12": {"execution_time": 0.3325071334838867, "passed": true}, "13": {"execution_time": 1.1228930950164795, "passed": true}, "14": {"execution_time": 0.27950000762939453, "passed": true}}}, "check_style_score": "0/1"}