{"version": "1", "message": "ERROR: Hidden Testcases server unreachable.", "problem_id": "ads2_m4_a1_1", "user_id": "lakshmipraneetha4", "score": {"sample": {"0": {"execution_time": 10.88353419303894, "passed": true}, "1": {"execution_time": 0.3585691452026367, "passed": false}, "2": {"execution_time": 0.3393864631652832, "passed": false}, "3": {"execution_time": 0.33899855613708496, "passed": false}, "4": {"execution_time": 0.35976505279541016, "passed": false}, "5": {"execution_time": 0.38917088508605957, "passed": false}, "6": {"execution_time": 0.321303129196167, "passed": false}, "7": {"execution_time": 0.4487760066986084, "passed": false}, "8": {"execution_time": 0.3605971336364746, "passed": true}, "9": {"execution_time": 0.33947205543518066, "passed": false}, "10": {"execution_time": 0.35069799423217773, "passed": false}, "11": {"execution_time": 0.32272815704345703, "passed": false}, "12": {"execution_time": 0.3089604377746582, "passed": false}, "13": {"execution_time": 0.26122260093688965, "passed": false}, "14": {"execution_time": 0.3374440670013428, "passed": true}}}, "check_style_score": "0/1"}