{"version": "1", "message": "ERROR: Hidden Testcases server unreachable.", "problem_id": "ads2_m4_a1_1", "user_id": "lakshmipraneetha4", "score": {"sample": {"0": {"execution_time": 0.38433170318603516, "passed": true}, "1": {"execution_time": 0.4970126152038574, "passed": true}, "2": {"execution_time": 0.4533205032348633, "passed": true}, "3": {"execution_time": 0.4299309253692627, "passed": true}, "4": {"execution_time": 0.3747875690460205, "passed": true}, "5": {"execution_time": 0.32416701316833496, "passed": true}, "6": {"execution_time": 0.4208981990814209, "passed": true}, "7": {"execution_time": 0.3681321144104004, "passed": true}, "8": {"execution_time": 0.37779664993286133, "passed": true}, "9": {"execution_time": 0.30546092987060547, "passed": true}, "10": {"execution_time": 0.29591822624206543, "passed": true}, "11": {"execution_time": 0.3292067050933838, "passed": true}, "12": {"execution_time": 0.34843873977661133, "passed": true}, "13": {"execution_time": 1.1376192569732666, "passed": true}, "14": {"execution_time": 0.30448102951049805, "passed": true}}}, "check_style_score": "1/1"}