{"version": "1", "message": "ERROR: Hidden Testcases server unreachable.", "problem_id": "ads2_m4_a1_1", "user_id": "lakshmipraneetha4", "score": {"sample": {"0": {"execution_time": 0.5213894844055176, "passed": true}, "1": {"execution_time": 0.5379867553710938, "passed": true}, "2": {"execution_time": 0.5513064861297607, "passed": true}, "3": {"execution_time": 0.6007070541381836, "passed": true}, "4": {"execution_time": 0.4556124210357666, "passed": true}, "5": {"execution_time": 0.5382022857666016, "passed": true}, "6": {"execution_time": 0.45845460891723633, "passed": true}, "7": {"execution_time": 0.5255346298217773, "passed": true}, "8": {"execution_time": 0.39128828048706055, "passed": true}, "9": {"execution_time": 0.3597068786621094, "passed": true}, "10": {"execution_time": 0.31581830978393555, "passed": true}, "11": {"execution_time": 0.329448938369751, "passed": true}, "12": {"execution_time": 0.3014652729034424, "passed": true}, "13": {"execution_time": 1.0798077583312988, "passed": true}, "14": {"execution_time": 0.3097546100616455, "passed": true}}}, "check_style_score": "0/1"}