{"version": "1", "message": "ERROR: Hidden Testcases server unreachable.", "problem_id": "ads2_m4_a1_1", "user_id": "lakshmipraneetha4", "score": {"sample": {"0": {"execution_time": 0.22862601280212402, "passed": true}, "1": {"execution_time": 0.23880338668823242, "passed": true}, "2": {"execution_time": 0.2962520122528076, "passed": true}, "3": {"execution_time": 0.29907655715942383, "passed": true}, "4": {"execution_time": 0.25504231452941895, "passed": true}, "5": {"execution_time": 0.24994277954101562, "passed": true}, "6": {"execution_time": 0.22424840927124023, "passed": true}, "7": {"execution_time": 0.3318171501159668, "passed": true}, "8": {"execution_time": 0.2542850971221924, "passed": true}, "9": {"execution_time": 0.6698126792907715, "passed": true}, "10": {"execution_time": 0.2714400291442871, "passed": true}, "11": {"execution_time": 0.3973555564880371, "passed": true}, "12": {"execution_time": 0.24339056015014648, "passed": true}, "13": {"execution_time": 0.9517812728881836, "passed": true}, "14": {"execution_time": 0.2302229404449463, "passed": true}}}, "check_style_score": "0/1"}