{"version": "1", "message": "ERROR: Hidden Testcases server unreachable.", "problem_id": "ads2_m4_a1_1", "user_id": "lakshmipraneetha4", "score": {"sample": {"0": {"execution_time": 0.5256209373474121, "passed": false}, "1": {"execution_time": 0.3542935848236084, "passed": false}, "2": {"execution_time": 0.30985474586486816, "passed": false}, "3": {"execution_time": 0.32004213333129883, "passed": false}, "4": {"execution_time": 0.41525959968566895, "passed": false}, "5": {"execution_time": 0.3244335651397705, "passed": false}, "6": {"execution_time": 0.3709299564361572, "passed": false}, "7": {"execution_time": 0.3399984836578369, "passed": false}, "8": {"execution_time": 0.3675365447998047, "passed": false}, "9": {"execution_time": 0.3329613208770752, "passed": false}, "10": {"execution_time": 0.3658466339111328, "passed": false}, "11": {"execution_time": 0.36135053634643555, "passed": false}, "12": {"execution_time": 0.8165507316589355, "passed": false}, "13": {"execution_time": 0.30645084381103516, "passed": false}, "14": {"execution_time": 0.39195942878723145, "passed": false}}}, "check_style_score": "0/1"}