{"version": "1", "message": "ERROR: Hidden Testcases server unreachable.", "problem_id": "ads2_m4_a1_1", "user_id": "lakshmipraneetha4", "score": {"sample": {"0": {"execution_time": 0.3930540084838867, "passed": true}, "1": {"execution_time": 0.37537240982055664, "passed": true}, "2": {"execution_time": 0.5424737930297852, "passed": true}, "3": {"execution_time": 0.6102118492126465, "passed": true}, "4": {"execution_time": 0.33396387100219727, "passed": true}, "5": {"execution_time": 0.4313051700592041, "passed": true}, "6": {"execution_time": 0.38238000869750977, "passed": true}, "7": {"execution_time": 0.3313443660736084, "passed": true}, "8": {"execution_time": 0.3681924343109131, "passed": true}, "9": {"execution_time": 0.2995338439941406, "passed": true}, "10": {"execution_time": 0.30026769638061523, "passed": true}, "11": {"execution_time": 0.32279086112976074, "passed": true}, "12": {"execution_time": 0.36922669410705566, "passed": true}, "13": {"execution_time": 1.1337239742279053, "passed": true}, "14": {"execution_time": 0.2999885082244873, "passed": true}}}, "check_style_score": "0/1"}