{"version": "1", "message": "ERROR: Hidden Testcases server unreachable.", "problem_id": "ads2_m4_a1_1", "user_id": "lakshmipraneetha4", "score": {"sample": {"0": {"execution_time": 0.24483871459960938, "passed": true}, "1": {"execution_time": 0.24597883224487305, "passed": true}, "2": {"execution_time": 0.280407190322876, "passed": true}, "3": {"execution_time": 0.32747364044189453, "passed": true}, "4": {"execution_time": 0.24198341369628906, "passed": true}, "5": {"execution_time": 0.26632165908813477, "passed": true}, "6": {"execution_time": 0.29870152473449707, "passed": true}, "7": {"execution_time": 0.32196807861328125, "passed": true}, "8": {"execution_time": 0.2605924606323242, "passed": true}, "9": {"execution_time": 0.2167356014251709, "passed": true}, "10": {"execution_time": 0.2630462646484375, "passed": true}, "11": {"execution_time": 0.22453069686889648, "passed": true}, "12": {"execution_time": 0.2292635440826416, "passed": true}, "13": {"execution_time": 0.9287827014923096, "passed": true}, "14": {"execution_time": 0.24378252029418945, "passed": true}}}, "check_style_score": "0/1"}