{"version": "1", "message": "ERROR: Hidden Testcases server unreachable.", "problem_id": "ads2_m4_a1_1", "user_id": "lakshmipraneetha4", "score": {"sample": {"0": {"execution_time": 0.22232317924499512, "passed": true}, "1": {"execution_time": 0.2570226192474365, "passed": true}, "2": {"execution_time": 0.2982144355773926, "passed": true}, "3": {"execution_time": 0.30547618865966797, "passed": true}, "4": {"execution_time": 0.25641775131225586, "passed": true}, "5": {"execution_time": 0.2455737590789795, "passed": true}, "6": {"execution_time": 0.2783348560333252, "passed": true}, "7": {"execution_time": 0.23538661003112793, "passed": true}, "8": {"execution_time": 0.2643146514892578, "passed": true}, "9": {"execution_time": 0.25614309310913086, "passed": true}, "10": {"execution_time": 0.24087786674499512, "passed": true}, "11": {"execution_time": 0.22659730911254883, "passed": true}, "12": {"execution_time": 0.27684950828552246, "passed": true}, "13": {"execution_time": 0.8901574611663818, "passed": true}, "14": {"execution_time": 0.19637346267700195, "passed": true}}}, "check_style_score": "0/1"}