{"version": "1", "message": "ERROR: Hidden Testcases server unreachable.", "problem_id": "ads2_m4_a1_1", "user_id": "lakshmipraneetha4", "score": {"sample": {"0": {"execution_time": 1.558591604232788, "passed": true}, "1": {"execution_time": 1.5514171123504639, "passed": true}, "2": {"execution_time": 0.62040114402771, "passed": true}, "3": {"execution_time": 0.8902876377105713, "passed": true}, "4": {"execution_time": 1.0561072826385498, "passed": true}, "5": {"execution_time": 0.30940842628479004, "passed": true}, "6": {"execution_time": 0.3827333450317383, "passed": true}, "7": {"execution_time": 1.0676755905151367, "passed": true}, "8": {"execution_time": 0.727360725402832, "passed": true}, "9": {"execution_time": 0.5154287815093994, "passed": true}, "10": {"execution_time": 0.4103095531463623, "passed": true}, "11": {"execution_time": 0.6172318458557129, "passed": true}, "12": {"execution_time": 0.36780738830566406, "passed": true}, "13": {"execution_time": 1.2051496505737305, "passed": true}, "14": {"execution_time": 1.1808865070343018, "passed": true}}}, "check_style_score": "0/1"}