{"version": "1", "message": "ERROR: Hidden Testcases server unreachable.", "problem_id": "ads2_m4_a1_1", "user_id": "lakshmipraneetha4", "score": {"sample": {"0": {"execution_time": 0.36925745010375977, "passed": true}, "1": {"execution_time": 0.21851372718811035, "passed": false}, "2": {"execution_time": 0.2871065139770508, "passed": false}, "3": {"execution_time": 0.2906179428100586, "passed": false}, "4": {"execution_time": 0.2207174301147461, "passed": false}, "5": {"execution_time": 0.2910168170928955, "passed": false}, "6": {"execution_time": 0.2319481372833252, "passed": false}, "7": {"execution_time": 0.26601719856262207, "passed": false}, "8": {"execution_time": 0.30646562576293945, "passed": true}, "9": {"execution_time": 0.27730679512023926, "passed": true}, "10": {"execution_time": 0.2745344638824463, "passed": true}, "11": {"execution_time": 0.26902008056640625, "passed": true}, "12": {"execution_time": 0.24379968643188477, "passed": true}, "13": {"execution_time": 0.7852227687835693, "passed": false}, "14": {"execution_time": 0.2552034854888916, "passed": true}}}, "check_style_score": "0/1"}