{"version": "1", "message": "ERROR: Hidden Testcases server unreachable.", "problem_id": "ads2_m4_a1_1", "user_id": "lakshmipraneetha4", "score": {"sample": {"0": {"execution_time": 1.3452138900756836, "passed": true}, "1": {"execution_time": 0.8745534420013428, "passed": true}, "2": {"execution_time": 0.3007781505584717, "passed": true}, "3": {"execution_time": 0.3174169063568115, "passed": true}, "4": {"execution_time": 0.21478056907653809, "passed": true}, "5": {"execution_time": 0.7775528430938721, "passed": true}, "6": {"execution_time": 0.31108880043029785, "passed": true}, "7": {"execution_time": 0.3111693859100342, "passed": true}, "8": {"execution_time": 0.9302315711975098, "passed": true}, "9": {"execution_time": 0.36982107162475586, "passed": true}, "10": {"execution_time": 1.0617425441741943, "passed": true}, "11": {"execution_time": 0.7934632301330566, "passed": true}, "12": {"execution_time": 1.0737056732177734, "passed": true}, "13": {"execution_time": 1.4719691276550293, "passed": true}, "14": {"execution_time": 0.8558220863342285, "passed": true}}}, "check_style_score": "0/1"}