{"version": "1", "message": "ERROR: Hidden Testcases server unreachable.", "problem_id": "ads2_m4_a1_1", "user_id": "lakshmipraneetha4", "score": {"sample": {"0": {"execution_time": 0.19790220260620117, "passed": false}, "1": {"execution_time": 0.21908855438232422, "passed": false}, "2": {"execution_time": 0.26505422592163086, "passed": false}, "3": {"execution_time": 0.28925371170043945, "passed": false}, "4": {"execution_time": 0.27076244354248047, "passed": false}, "5": {"execution_time": 0.2196671962738037, "passed": false}, "6": {"execution_time": 0.22134971618652344, "passed": false}, "7": {"execution_time": 0.26398563385009766, "passed": false}, "8": {"execution_time": 0.22755074501037598, "passed": false}, "9": {"execution_time": 0.21490836143493652, "passed": false}, "10": {"execution_time": 0.24698877334594727, "passed": false}, "11": {"execution_time": 0.22809934616088867, "passed": true}, "12": {"execution_time": 0.3321349620819092, "passed": true}, "13": {"execution_time": 0.9623489379882812, "passed": false}, "14": {"execution_time": 0.368319034576416, "passed": false}}}, "check_style_score": "0/1"}