{"version": "1", "message": "ERROR: Hidden Testcases server unreachable.", "problem_id": "ads2_m4_a1_1", "user_id": "lakshmipraneetha4", "score": {"sample": {"0": {"execution_time": 0.39872193336486816, "passed": false}, "1": {"execution_time": 0.32405948638916016, "passed": false}, "2": {"execution_time": 0.2941267490386963, "passed": false}, "3": {"execution_time": 0.3245522975921631, "passed": false}, "4": {"execution_time": 0.28957629203796387, "passed": false}, "5": {"execution_time": 0.32300472259521484, "passed": false}, "6": {"execution_time": 0.3249640464782715, "passed": false}, "7": {"execution_time": 0.30524110794067383, "passed": false}, "8": {"execution_time": 0.39960765838623047, "passed": false}, "9": {"execution_time": 0.36547088623046875, "passed": false}, "10": {"execution_time": 0.48519301414489746, "passed": false}, "11": {"execution_time": 0.3496413230895996, "passed": true}, "12": {"execution_time": 0.3243899345397949, "passed": true}, "13": {"execution_time": 0.39522433280944824, "passed": false}, "14": {"execution_time": 0.47128963470458984, "passed": false}}}, "check_style_score": "0/1"}