{"version": "1", "message": "ERROR: Hidden Testcases server unreachable.", "problem_id": "ads2_m4_a1_1", "user_id": "lakshmipraneetha4", "score": {"sample": {"0": {"execution_time": 0.3977775573730469, "passed": true}, "1": {"execution_time": 0.3814890384674072, "passed": false}, "2": {"execution_time": 0.32906055450439453, "passed": false}, "3": {"execution_time": 0.3077812194824219, "passed": false}, "4": {"execution_time": 0.35373592376708984, "passed": true}, "5": {"execution_time": 0.3543384075164795, "passed": true}, "6": {"execution_time": 0.33202576637268066, "passed": true}, "7": {"execution_time": 0.44628286361694336, "passed": true}, "8": {"execution_time": 0.3718550205230713, "passed": true}, "9": {"execution_time": 0.298875093460083, "passed": true}, "10": {"execution_time": 0.34032154083251953, "passed": true}, "11": {"execution_time": 0.31632399559020996, "passed": true}, "12": {"execution_time": 0.3091557025909424, "passed": true}, "13": {"execution_time": 0.3653292655944824, "passed": false}, "14": {"execution_time": 0.36767101287841797, "passed": true}}}, "check_style_score": "0/1"}