{"version": "1", "message": "ERROR: Hidden Testcases server unreachable.", "problem_id": "ads2_m4_a1_1", "user_id": "lakshmipraneetha4", "score": {"sample": {"0": {"execution_time": 0.23621201515197754, "passed": true}, "1": {"execution_time": 0.27596378326416016, "passed": true}, "2": {"execution_time": 0.2494192123413086, "passed": true}, "3": {"execution_time": 0.2956678867340088, "passed": true}, "4": {"execution_time": 0.21732854843139648, "passed": true}, "5": {"execution_time": 0.22609639167785645, "passed": true}, "6": {"execution_time": 0.22234177589416504, "passed": true}, "7": {"execution_time": 0.24407100677490234, "passed": true}, "8": {"execution_time": 0.27866482734680176, "passed": true}, "9": {"execution_time": 0.21271300315856934, "passed": true}, "10": {"execution_time": 0.20606422424316406, "passed": true}, "11": {"execution_time": 0.21210002899169922, "passed": true}, "12": {"execution_time": 0.20535850524902344, "passed": true}, "13": {"execution_time": 0.8781259059906006, "passed": true}, "14": {"execution_time": 0.2168879508972168, "passed": true}}}, "check_style_score": "0/1"}