{"version": "1", "message": "ERROR: Hidden Testcases server unreachable.", "problem_id": "ads2_m4_a1_1", "user_id": "lakshmipraneetha4", "score": {"sample": {"0": {"execution_time": 0.2612497806549072, "passed": true}, "1": {"execution_time": 0.27910614013671875, "passed": false}, "2": {"execution_time": 0.3238222599029541, "passed": false}, "3": {"execution_time": 0.24938368797302246, "passed": false}, "4": {"execution_time": 0.1965179443359375, "passed": false}, "5": {"execution_time": 0.20801877975463867, "passed": false}, "6": {"execution_time": 0.20751738548278809, "passed": false}, "7": {"execution_time": 0.22539234161376953, "passed": false}, "8": {"execution_time": 0.25736212730407715, "passed": true}, "9": {"execution_time": 0.2275230884552002, "passed": true}, "10": {"execution_time": 0.19438982009887695, "passed": true}, "11": {"execution_time": 0.22095513343811035, "passed": true}, "12": {"execution_time": 0.22482752799987793, "passed": true}, "13": {"execution_time": 0.7827067375183105, "passed": false}, "14": {"execution_time": 0.36419057846069336, "passed": true}}}, "check_style_score": "0/1"}