{"version": "1", "message": "ERROR: Hidden Testcases server unreachable.", "problem_id": "ads2_m4_a1_1", "user_id": "lakshmipraneetha4", "score": {"sample": {"0": {"execution_time": 0.23312067985534668, "passed": true}, "1": {"execution_time": 0.21300101280212402, "passed": false}, "2": {"execution_time": 0.28868937492370605, "passed": false}, "3": {"execution_time": 0.2643256187438965, "passed": false}, "4": {"execution_time": 0.19361400604248047, "passed": false}, "5": {"execution_time": 0.22303080558776855, "passed": false}, "6": {"execution_time": 0.20945048332214355, "passed": false}, "7": {"execution_time": 0.3146693706512451, "passed": false}, "8": {"execution_time": 0.2625620365142822, "passed": true}, "9": {"execution_time": 0.26059627532958984, "passed": true}, "10": {"execution_time": 0.28082895278930664, "passed": true}, "11": {"execution_time": 0.20007967948913574, "passed": true}, "12": {"execution_time": 0.22443389892578125, "passed": true}, "13": {"execution_time": 0.8405919075012207, "passed": false}, "14": {"execution_time": 0.23588848114013672, "passed": true}}}, "check_style_score": "0/1"}