{"version": "1", "message": "ERROR: Hidden Testcases server unreachable.", "problem_id": "ads2_m4_a1_1", "user_id": "lakshmipraneetha4", "score": {"sample": {"0": {"execution_time": 0.6479065418243408, "passed": true}, "1": {"execution_time": 0.4554252624511719, "passed": false}, "2": {"execution_time": 0.4029660224914551, "passed": false}, "3": {"execution_time": 0.4054725170135498, "passed": false}, "4": {"execution_time": 0.5252001285552979, "passed": false}, "5": {"execution_time": 0.584841251373291, "passed": false}, "6": {"execution_time": 0.5305061340332031, "passed": false}, "7": {"execution_time": 0.48612070083618164, "passed": false}, "8": {"execution_time": 0.3790736198425293, "passed": true}, "9": {"execution_time": 0.3190481662750244, "passed": false}, "10": {"execution_time": 0.45471620559692383, "passed": false}, "11": {"execution_time": 0.5569963455200195, "passed": false}, "12": {"execution_time": 0.5514650344848633, "passed": false}, "13": {"execution_time": 0.44324779510498047, "passed": false}, "14": {"execution_time": 0.49738097190856934, "passed": true}}}, "check_style_score": "0/1"}