{"version": "1", "message": "ERROR: Hidden Testcases server unreachable.", "problem_id": "ads2_m4_a1_1", "user_id": "lakshmipraneetha4", "score": {"sample": {"0": {"execution_time": 0.2585444450378418, "passed": true}, "1": {"execution_time": 0.2644963264465332, "passed": true}, "2": {"execution_time": 0.3144519329071045, "passed": true}, "3": {"execution_time": 0.3343818187713623, "passed": true}, "4": {"execution_time": 0.242173433303833, "passed": true}, "5": {"execution_time": 0.29193758964538574, "passed": true}, "6": {"execution_time": 0.27823781967163086, "passed": true}, "7": {"execution_time": 0.27072644233703613, "passed": true}, "8": {"execution_time": 0.22406482696533203, "passed": true}, "9": {"execution_time": 0.23975110054016113, "passed": true}, "10": {"execution_time": 0.20135068893432617, "passed": true}, "11": {"execution_time": 0.31126832962036133, "passed": true}, "12": {"execution_time": 0.23594999313354492, "passed": true}, "13": {"execution_time": 0.9339194297790527, "passed": true}, "14": {"execution_time": 0.21042394638061523, "passed": true}}}, "check_style_score": "0/1"}