{"version": "1", "message": "ERROR: Hidden Testcases server unreachable.", "problem_id": "ads2_m4_a1_1", "user_id": "lakshmipraneetha4", "score": {"sample": {"0": {"execution_time": 0.4508490562438965, "passed": true}, "1": {"execution_time": 0.3662259578704834, "passed": false}, "2": {"execution_time": 0.2916452884674072, "passed": false}, "3": {"execution_time": 0.30876946449279785, "passed": false}, "4": {"execution_time": 0.38861918449401855, "passed": false}, "5": {"execution_time": 0.3943614959716797, "passed": false}, "6": {"execution_time": 0.42811059951782227, "passed": false}, "7": {"execution_time": 0.3036813735961914, "passed": false}, "8": {"execution_time": 0.3387258052825928, "passed": true}, "9": {"execution_time": 0.2786290645599365, "passed": true}, "10": {"execution_time": 0.31677865982055664, "passed": true}, "11": {"execution_time": 0.4546787738800049, "passed": false}, "12": {"execution_time": 0.35865116119384766, "passed": false}, "13": {"execution_time": 0.3320908546447754, "passed": false}, "14": {"execution_time": 0.308917760848999, "passed": true}}}, "check_style_score": "0/1"}