{"version": "1", "message": "ERROR: Hidden Testcases server unreachable.", "problem_id": "ads2_m4_a1_1", "user_id": "lakshmipraneetha4", "score": {"sample": {"0": {"execution_time": 0.3686351776123047, "passed": true}, "1": {"execution_time": 0.40297794342041016, "passed": true}, "2": {"execution_time": 0.39017558097839355, "passed": true}, "3": {"execution_time": 0.3794267177581787, "passed": true}, "4": {"execution_time": 0.33881497383117676, "passed": true}, "5": {"execution_time": 0.405961275100708, "passed": true}, "6": {"execution_time": 0.34880566596984863, "passed": true}, "7": {"execution_time": 0.34417080879211426, "passed": true}, "8": {"execution_time": 0.3775351047515869, "passed": true}, "9": {"execution_time": 0.31453442573547363, "passed": true}, "10": {"execution_time": 0.3279750347137451, "passed": true}, "11": {"execution_time": 0.3038046360015869, "passed": true}, "12": {"execution_time": 0.3266148567199707, "passed": true}, "13": {"execution_time": 1.1534385681152344, "passed": true}, "14": {"execution_time": 0.2859020233154297, "passed": true}}}, "check_style_score": "0/1"}