{"version": "1", "message": "ERROR: Hidden Testcases server unreachable.", "problem_id": "ads2_m4_a1_1", "user_id": "lakshmipraneetha4", "score": {"sample": {"0": {"execution_time": 0.17800211906433105, "passed": false}, "1": {"execution_time": 0.2022874355316162, "passed": false}, "2": {"execution_time": 0.3303966522216797, "passed": false}, "3": {"execution_time": 0.27388691902160645, "passed": false}, "4": {"execution_time": 0.25455427169799805, "passed": false}, "5": {"execution_time": 0.24184536933898926, "passed": false}, "6": {"execution_time": 0.2078561782836914, "passed": false}, "7": {"execution_time": 0.23407411575317383, "passed": false}, "8": {"execution_time": 0.2584824562072754, "passed": false}, "9": {"execution_time": 0.236771821975708, "passed": false}, "10": {"execution_time": 0.19649076461791992, "passed": false}, "11": {"execution_time": 0.2004070281982422, "passed": true}, "12": {"execution_time": 0.24325847625732422, "passed": true}, "13": {"execution_time": 0.8375663757324219, "passed": false}, "14": {"execution_time": 0.24792051315307617, "passed": false}}}, "check_style_score": "0/1"}