{"version": "1", "message": "ERROR: Hidden Testcases server unreachable.", "problem_id": "ads2_m4_a1_1", "user_id": "lakshmipraneetha4", "score": {"sample": {"0": {"execution_time": 0.347470760345459, "passed": true}, "1": {"execution_time": 0.3236658573150635, "passed": true}, "2": {"execution_time": 0.37586307525634766, "passed": true}, "3": {"execution_time": 0.3901498317718506, "passed": true}, "4": {"execution_time": 0.3541285991668701, "passed": true}, "5": {"execution_time": 0.4409918785095215, "passed": true}, "6": {"execution_time": 0.3517756462097168, "passed": true}, "7": {"execution_time": 0.32430052757263184, "passed": true}, "8": {"execution_time": 0.3349299430847168, "passed": true}, "9": {"execution_time": 0.27518725395202637, "passed": true}, "10": {"execution_time": 0.3217012882232666, "passed": true}, "11": {"execution_time": 0.28867387771606445, "passed": true}, "12": {"execution_time": 0.3247106075286865, "passed": true}, "13": {"execution_time": 1.084242343902588, "passed": true}, "14": {"execution_time": 0.2892484664916992, "passed": true}}}, "check_style_score": "0/1"}