{"version": "1", "message": "ERROR: Hidden Testcases server unreachable.", "problem_id": "ads2_m4_a1_1", "user_id": "lakshmipraneetha4", "score": {"sample": {"0": {"execution_time": 0.4499480724334717, "passed": true}, "1": {"execution_time": 0.44797515869140625, "passed": true}, "2": {"execution_time": 0.4413025379180908, "passed": true}, "3": {"execution_time": 0.4090571403503418, "passed": true}, "4": {"execution_time": 0.3996894359588623, "passed": true}, "5": {"execution_time": 0.3442854881286621, "passed": true}, "6": {"execution_time": 0.33237481117248535, "passed": true}, "7": {"execution_time": 0.3665330410003662, "passed": true}, "8": {"execution_time": 0.4016284942626953, "passed": true}, "9": {"execution_time": 0.28984999656677246, "passed": true}, "10": {"execution_time": 0.3344407081604004, "passed": true}, "11": {"execution_time": 0.29093003273010254, "passed": true}, "12": {"execution_time": 0.28447985649108887, "passed": true}, "13": {"execution_time": 1.2016043663024902, "passed": true}, "14": {"execution_time": 0.3211545944213867, "passed": true}}}, "check_style_score": "0/1"}