{"version": "1", "message": "ERROR: Hidden Testcases server unreachable.", "problem_id": "ads2_m4_a1_1", "user_id": "lakshmipraneetha4", "score": {"sample": {"0": {"execution_time": 0.4777262210845947, "passed": true}, "1": {"execution_time": 0.5275776386260986, "passed": true}, "2": {"execution_time": 0.396759033203125, "passed": true}, "3": {"execution_time": 0.39652156829833984, "passed": true}, "4": {"execution_time": 0.32190537452697754, "passed": true}, "5": {"execution_time": 0.3152599334716797, "passed": true}, "6": {"execution_time": 0.3339564800262451, "passed": true}, "7": {"execution_time": 0.4073183536529541, "passed": true}, "8": {"execution_time": 0.3911581039428711, "passed": true}, "9": {"execution_time": 0.459749698638916, "passed": true}, "10": {"execution_time": 0.28947019577026367, "passed": true}, "11": {"execution_time": 0.5079345703125, "passed": true}, "12": {"execution_time": 0.3063037395477295, "passed": true}, "13": {"execution_time": 1.056499719619751, "passed": true}, "14": {"execution_time": 0.2862992286682129, "passed": true}}}, "check_style_score": "1/1"}