{"version": "1", "message": "ERROR: Hidden Testcases server unreachable.", "problem_id": "ads2_m4_a1_1", "user_id": "lakshmipraneetha4", "score": {"sample": {"0": {"execution_time": 0.23494362831115723, "passed": true}, "1": {"execution_time": 0.26760005950927734, "passed": true}, "2": {"execution_time": 0.2716796398162842, "passed": true}, "3": {"execution_time": 0.3648264408111572, "passed": true}, "4": {"execution_time": 0.28548169136047363, "passed": true}, "5": {"execution_time": 0.23452353477478027, "passed": true}, "6": {"execution_time": 0.26673173904418945, "passed": true}, "7": {"execution_time": 0.2590205669403076, "passed": true}, "8": {"execution_time": 0.24920415878295898, "passed": true}, "9": {"execution_time": 0.22623205184936523, "passed": true}, "10": {"execution_time": 0.22266292572021484, "passed": true}, "11": {"execution_time": 0.27963972091674805, "passed": true}, "12": {"execution_time": 0.26418042182922363, "passed": true}, "13": {"execution_time": 0.9422829151153564, "passed": true}, "14": {"execution_time": 0.2487173080444336, "passed": true}}}, "check_style_score": "0/1"}