{"version": "1", "message": "ERROR: Hidden Testcases server unreachable.", "problem_id": "ads2_m4_a1_1", "user_id": "lakshmipraneetha4", "score": {"sample": {"0": {"execution_time": 0.38356828689575195, "passed": false}, "1": {"execution_time": 0.287764310836792, "passed": false}, "2": {"execution_time": 0.18923735618591309, "passed": false}, "3": {"execution_time": 0.33393001556396484, "passed": false}, "4": {"execution_time": 0.29990243911743164, "passed": false}, "5": {"execution_time": 0.2586500644683838, "passed": false}, "6": {"execution_time": 0.26476430892944336, "passed": false}, "7": {"execution_time": 0.3033764362335205, "passed": false}, "8": {"execution_time": 0.3118937015533447, "passed": false}, "9": {"execution_time": 0.2739908695220947, "passed": false}, "10": {"execution_time": 0.29277896881103516, "passed": false}, "11": {"execution_time": 0.3872249126434326, "passed": false}, "12": {"execution_time": 0.3353745937347412, "passed": false}, "13": {"execution_time": 0.2981748580932617, "passed": false}, "14": {"execution_time": 0.25589799880981445, "passed": false}}}, "check_style_score": "0/1"}