{"version": "1", "message": "ERROR: Hidden Testcases server unreachable.", "problem_id": "ads2_m4_a1_1", "user_id": "lakshmipraneetha4", "score": {"sample": {"0": {"execution_time": 0.22749710083007812, "passed": true}, "1": {"execution_time": 0.24187207221984863, "passed": false}, "2": {"execution_time": 0.31930112838745117, "passed": false}, "3": {"execution_time": 0.29819416999816895, "passed": false}, "4": {"execution_time": 0.21486854553222656, "passed": false}, "5": {"execution_time": 0.3161814212799072, "passed": false}, "6": {"execution_time": 0.2585883140563965, "passed": false}, "7": {"execution_time": 0.27331042289733887, "passed": false}, "8": {"execution_time": 0.31595659255981445, "passed": true}, "9": {"execution_time": 0.26985692977905273, "passed": true}, "10": {"execution_time": 0.20119857788085938, "passed": true}, "11": {"execution_time": 0.22958731651306152, "passed": true}, "12": {"execution_time": 0.2301781177520752, "passed": true}, "13": {"execution_time": 0.7999889850616455, "passed": false}, "14": {"execution_time": 0.2838578224182129, "passed": true}}}, "check_style_score": "0/1"}