{"version": "1", "message": "ERROR: Hidden Testcases server unreachable.", "problem_id": "ads2_m4_a1_1", "user_id": "lakshmipraneetha4", "score": {"sample": {"0": {"execution_time": 0.3970930576324463, "passed": false}, "1": {"execution_time": 0.2706737518310547, "passed": false}, "2": {"execution_time": 0.29044055938720703, "passed": false}, "3": {"execution_time": 0.35210156440734863, "passed": false}, "4": {"execution_time": 0.34502077102661133, "passed": false}, "5": {"execution_time": 0.24463796615600586, "passed": false}, "6": {"execution_time": 0.30823588371276855, "passed": false}, "7": {"execution_time": 0.35468268394470215, "passed": false}, "8": {"execution_time": 0.3017759323120117, "passed": false}, "9": {"execution_time": 0.2767066955566406, "passed": false}, "10": {"execution_time": 0.269331693649292, "passed": false}, "11": {"execution_time": 0.2781655788421631, "passed": false}, "12": {"execution_time": 0.31302452087402344, "passed": false}, "13": {"execution_time": 0.3685307502746582, "passed": false}, "14": {"execution_time": 0.30711793899536133, "passed": false}}}, "check_style_score": "0/1"}