{"version": "1", "message": "ERROR: Hidden Testcases server unreachable.", "problem_id": "ads2_m4_a1_1", "user_id": "lakshmipraneetha4", "score": {"sample": {"0": {"execution_time": 0.4742567539215088, "passed": true}, "1": {"execution_time": 0.44082188606262207, "passed": true}, "2": {"execution_time": 0.37407374382019043, "passed": true}, "3": {"execution_time": 0.4420173168182373, "passed": true}, "4": {"execution_time": 1.039365530014038, "passed": true}, "5": {"execution_time": 0.32727789878845215, "passed": true}, "6": {"execution_time": 1.135124683380127, "passed": true}, "7": {"execution_time": 0.3632540702819824, "passed": true}, "8": {"execution_time": 0.36653709411621094, "passed": true}, "9": {"execution_time": 0.2903010845184326, "passed": true}, "10": {"execution_time": 0.3081645965576172, "passed": true}, "11": {"execution_time": 0.3539094924926758, "passed": false}, "12": {"execution_time": 0.2901172637939453, "passed": false}, "13": {"execution_time": 1.1250040531158447, "passed": true}, "14": {"execution_time": 0.3714442253112793, "passed": true}}}, "check_style_score": "0/1"}