{"version": "1", "message": "ERROR: Hidden Testcases server unreachable.", "problem_id": "ads2_m2_a1_1", "user_id": "lakshmipraneetha4", "score": {"sample": {"0": {"execution_time": 0.63388991355896, "passed": true}, "1": {"execution_time": 0.26324987411499023, "passed": true}, "2": {"execution_time": 0.4118051528930664, "passed": true}, "3": {"execution_time": 0.19270086288452148, "passed": true}, "4": {"execution_time": 0.34780454635620117, "passed": true}, "5": {"execution_time": 0.29357290267944336, "passed": true}, "6": {"execution_time": 0.18004488945007324, "passed": true}, "7": {"execution_time": 0.24949145317077637, "passed": true}, "8": {"execution_time": 0.2574596405029297, "passed": true}, "9": {"execution_time": 0.25597167015075684, "passed": true}, "10": {"execution_time": 0.3038055896759033, "passed": true}, "11": {"execution_time": 0.2999687194824219, "passed": true}, "12": {"execution_time": 0.2995884418487549, "passed": true}, "13": {"execution_time": 0.3220179080963135, "passed": true}, "14": {"execution_time": 0.309598445892334, "passed": true}, "15": {"execution_time": 0.3170735836029053, "passed": true}, "16": {"execution_time": 0.3508143424987793, "passed": true}, "17": {"execution_time": 0.3092811107635498, "passed": true}, "18": {"execution_time": 0.3724846839904785, "passed": true}, "19": {"execution_time": 0.3361625671386719, "passed": true}, "20": {"execution_time": 0.29390525817871094, "passed": true}, "21": {"execution_time": 0.34215331077575684, "passed": true}, "22": {"execution_time": 0.4261748790740967, "passed": true}, "23": {"execution_time": 0.3436012268066406, "passed": true}}}, "check_style_score": "0/1"}