{"version": "1", "message": "ERROR: Hidden Testcases server unreachable.", "problem_id": "ads2_m2_a1_1", "user_id": "lakshmipraneetha4", "score": {"sample": {"0": {"execution_time": 0.36890578269958496, "passed": true}, "1": {"execution_time": 0.34602856636047363, "passed": true}, "2": {"execution_time": 0.29079604148864746, "passed": true}, "3": {"execution_time": 0.2814159393310547, "passed": true}, "4": {"execution_time": 0.28642868995666504, "passed": true}, "5": {"execution_time": 0.33120036125183105, "passed": true}, "6": {"execution_time": 0.324176549911499, "passed": true}, "7": {"execution_time": 0.2727530002593994, "passed": true}, "8": {"execution_time": 0.3088071346282959, "passed": true}, "9": {"execution_time": 0.40154290199279785, "passed": true}, "10": {"execution_time": 0.42273736000061035, "passed": true}, "11": {"execution_time": 0.40422749519348145, "passed": true}, "12": {"execution_time": 0.3991963863372803, "passed": true}, "13": {"execution_time": 0.3772392272949219, "passed": true}, "14": {"execution_time": 0.415813684463501, "passed": true}, "15": {"execution_time": 0.47072887420654297, "passed": true}, "16": {"execution_time": 0.48906922340393066, "passed": true}, "17": {"execution_time": 0.49672651290893555, "passed": true}, "18": {"execution_time": 0.5331087112426758, "passed": true}, "19": {"execution_time": 0.4945368766784668, "passed": true}, "20": {"execution_time": 0.46027112007141113, "passed": true}, "21": {"execution_time": 0.39543890953063965, "passed": true}, "22": {"execution_time": 0.5674161911010742, "passed": true}, "23": {"execution_time": 0.5571384429931641, "passed": true}}}, "check_style_score": "0/1"}