{"version": "1", "message": "ERROR: Hidden Testcases server unreachable.", "problem_id": "ads2_m2_a1_1", "user_id": "lakshmipraneetha4", "score": {"sample": {"0": {"execution_time": 0.3251347541809082, "passed": false}, "1": {"execution_time": 0.22589111328125, "passed": false}, "2": {"execution_time": 0.2365713119506836, "passed": false}, "3": {"execution_time": 0.19734549522399902, "passed": true}, "4": {"execution_time": 0.2104332447052002, "passed": false}, "5": {"execution_time": 0.29511404037475586, "passed": false}, "6": {"execution_time": 0.2549276351928711, "passed": false}, "7": {"execution_time": 0.17844533920288086, "passed": false}, "8": {"execution_time": 0.3406820297241211, "passed": false}, "9": {"execution_time": 0.24053549766540527, "passed": false}, "10": {"execution_time": 0.21404433250427246, "passed": false}, "11": {"execution_time": 1.0149903297424316, "passed": false}, "12": {"execution_time": 0.32860445976257324, "passed": false}, "13": {"execution_time": 0.28685832023620605, "passed": false}, "14": {"execution_time": 0.3088545799255371, "passed": false}, "15": {"execution_time": 0.3675389289855957, "passed": true}, "16": {"execution_time": 0.41561436653137207, "passed": false}, "17": {"execution_time": 0.20642542839050293, "passed": false}, "18": {"execution_time": 0.39705514907836914, "passed": false}, "19": {"execution_time": 0.39925670623779297, "passed": false}, "20": {"execution_time": 0.3990330696105957, "passed": false}, "21": {"execution_time": 0.37153077125549316, "passed": false}, "22": {"execution_time": 0.3191111087799072, "passed": false}, "23": {"execution_time": 0.4505577087402344, "passed": false}}}, "check_style_score": "0/1"}