{"version": "1", "message": "ERROR: Hidden Testcases server unreachable.", "problem_id": "ads2_m2_a1_1", "user_id": "lakshmipraneetha4", "score": {"sample": {"0": {"execution_time": 0.3926517963409424, "passed": true}, "1": {"execution_time": 0.23989629745483398, "passed": true}, "2": {"execution_time": 0.261749267578125, "passed": true}, "3": {"execution_time": 0.2419581413269043, "passed": true}, "4": {"execution_time": 0.24159550666809082, "passed": true}, "5": {"execution_time": 0.2839813232421875, "passed": true}, "6": {"execution_time": 0.3780982494354248, "passed": true}, "7": {"execution_time": 0.2870979309082031, "passed": true}, "8": {"execution_time": 0.4247097969055176, "passed": true}, "9": {"execution_time": 0.35068535804748535, "passed": true}, "10": {"execution_time": 0.2525207996368408, "passed": true}, "11": {"execution_time": 0.32950353622436523, "passed": true}, "12": {"execution_time": 0.20264625549316406, "passed": true}, "13": {"execution_time": 0.25334644317626953, "passed": true}, "14": {"execution_time": 0.2723090648651123, "passed": true}, "15": {"execution_time": 0.2676703929901123, "passed": true}, "16": {"execution_time": 0.32065796852111816, "passed": true}, "17": {"execution_time": 0.28594064712524414, "passed": true}, "18": {"execution_time": 0.36860203742980957, "passed": true}, "19": {"execution_time": 0.31937527656555176, "passed": true}, "20": {"execution_time": 0.32027411460876465, "passed": true}, "21": {"execution_time": 0.2554895877838135, "passed": true}, "22": {"execution_time": 0.3644745349884033, "passed": true}, "23": {"execution_time": 0.28295350074768066, "passed": true}}}, "check_style_score": "0/1"}