{"version": "1", "message": "ERROR: Hidden Testcases server unreachable.", "problem_id": "ads2_m2_a1_1", "user_id": "lakshmipraneetha4", "score": {"sample": {"0": {"execution_time": 0.22897720336914062, "passed": true}, "1": {"execution_time": 0.1679093837738037, "passed": true}, "2": {"execution_time": 0.20802688598632812, "passed": true}, "3": {"execution_time": 0.18561840057373047, "passed": true}, "4": {"execution_time": 0.16100573539733887, "passed": true}, "5": {"execution_time": 0.19187545776367188, "passed": true}, "6": {"execution_time": 0.18007326126098633, "passed": true}, "7": {"execution_time": 0.1924574375152588, "passed": true}, "8": {"execution_time": 0.20820927619934082, "passed": true}, "9": {"execution_time": 0.21324515342712402, "passed": true}, "10": {"execution_time": 0.20822644233703613, "passed": true}, "11": {"execution_time": 0.18609833717346191, "passed": true}, "12": {"execution_time": 0.22191572189331055, "passed": true}, "13": {"execution_time": 0.18044281005859375, "passed": true}, "14": {"execution_time": 0.17285704612731934, "passed": true}, "15": {"execution_time": 0.20981860160827637, "passed": true}, "16": {"execution_time": 0.22727751731872559, "passed": true}, "17": {"execution_time": 0.25159120559692383, "passed": true}, "18": {"execution_time": 0.2412402629852295, "passed": true}, "19": {"execution_time": 0.24977397918701172, "passed": true}, "20": {"execution_time": 0.2056882381439209, "passed": true}, "21": {"execution_time": 0.2208082675933838, "passed": true}, "22": {"execution_time": 0.26414942741394043, "passed": true}, "23": {"execution_time": 0.27400660514831543, "passed": true}}}, "check_style_score": "0/1"}