{"version": "1", "message": "ERROR: Hidden Testcases server unreachable.", "problem_id": "ads2_m2_a1_1", "user_id": "lakshmipraneetha4", "score": {"sample": {"0": {"execution_time": 0.20619893074035645, "passed": true}, "1": {"execution_time": 0.17921805381774902, "passed": true}, "2": {"execution_time": 0.23648571968078613, "passed": true}, "3": {"execution_time": 0.19295144081115723, "passed": true}, "4": {"execution_time": 0.19028806686401367, "passed": true}, "5": {"execution_time": 0.184828519821167, "passed": true}, "6": {"execution_time": 0.17819690704345703, "passed": true}, "7": {"execution_time": 0.1715846061706543, "passed": true}, "8": {"execution_time": 0.18261218070983887, "passed": true}, "9": {"execution_time": 0.2182610034942627, "passed": true}, "10": {"execution_time": 0.19147992134094238, "passed": true}, "11": {"execution_time": 0.20016694068908691, "passed": true}, "12": {"execution_time": 0.17751550674438477, "passed": true}, "13": {"execution_time": 0.17991185188293457, "passed": true}, "14": {"execution_time": 0.16863203048706055, "passed": true}, "15": {"execution_time": 0.23879218101501465, "passed": true}, "16": {"execution_time": 0.25882458686828613, "passed": true}, "17": {"execution_time": 0.22441887855529785, "passed": true}, "18": {"execution_time": 1.3483359813690186, "passed": true}, "19": {"execution_time": 0.2418527603149414, "passed": true}, "20": {"execution_time": 0.676924467086792, "passed": true}, "21": {"execution_time": 0.18078088760375977, "passed": true}, "22": {"execution_time": 0.26593494415283203, "passed": true}, "23": {"execution_time": 0.2612442970275879, "passed": true}}}, "check_style_score": "1/1"}