{"version": "1", "message": "ERROR: Hidden Testcases server unreachable.", "problem_id": "ads2_m2_a1_1", "user_id": "lakshmipraneetha4", "score": {"sample": {"0": {"execution_time": 0.2386000156402588, "passed": true}, "1": {"execution_time": 0.3300766944885254, "passed": true}, "2": {"execution_time": 0.29468846321105957, "passed": true}, "3": {"execution_time": 0.20442581176757812, "passed": true}, "4": {"execution_time": 0.23622584342956543, "passed": true}, "5": {"execution_time": 0.2398359775543213, "passed": true}, "6": {"execution_time": 0.2528543472290039, "passed": true}, "7": {"execution_time": 0.2616231441497803, "passed": true}, "8": {"execution_time": 0.20954656600952148, "passed": true}, "9": {"execution_time": 0.27546048164367676, "passed": true}, "10": {"execution_time": 0.29827189445495605, "passed": true}, "11": {"execution_time": 0.19841885566711426, "passed": true}, "12": {"execution_time": 0.32824039459228516, "passed": true}, "13": {"execution_time": 0.19597125053405762, "passed": true}, "14": {"execution_time": 0.3216111660003662, "passed": true}, "15": {"execution_time": 0.2772998809814453, "passed": true}, "16": {"execution_time": 0.28365588188171387, "passed": true}, "17": {"execution_time": 0.3043370246887207, "passed": true}, "18": {"execution_time": 0.31659579277038574, "passed": true}, "19": {"execution_time": 0.38162803649902344, "passed": true}, "20": {"execution_time": 0.2404007911682129, "passed": true}, "21": {"execution_time": 0.27095627784729004, "passed": true}, "22": {"execution_time": 0.39955878257751465, "passed": true}, "23": {"execution_time": 0.3773171901702881, "passed": true}}}, "check_style_score": "0/1"}