{"version": "1", "message": "ERROR: Hidden Testcases server unreachable.", "problem_id": "ads2_m2_a1_1", "user_id": "lakshmipraneetha4", "score": {"sample": {"0": {"execution_time": 0.2033677101135254, "passed": true}, "1": {"execution_time": 0.1993575096130371, "passed": true}, "2": {"execution_time": 0.20969080924987793, "passed": true}, "3": {"execution_time": 0.18293023109436035, "passed": true}, "4": {"execution_time": 0.1676025390625, "passed": true}, "5": {"execution_time": 0.19429349899291992, "passed": true}, "6": {"execution_time": 0.18687653541564941, "passed": true}, "7": {"execution_time": 0.20627641677856445, "passed": true}, "8": {"execution_time": 0.18418073654174805, "passed": true}, "9": {"execution_time": 0.1602170467376709, "passed": true}, "10": {"execution_time": 0.16958832740783691, "passed": true}, "11": {"execution_time": 0.22363972663879395, "passed": true}, "12": {"execution_time": 0.22396540641784668, "passed": true}, "13": {"execution_time": 0.20451664924621582, "passed": true}, "14": {"execution_time": 0.1748807430267334, "passed": true}, "15": {"execution_time": 0.22071194648742676, "passed": true}, "16": {"execution_time": 0.17715883255004883, "passed": true}, "17": {"execution_time": 0.23680973052978516, "passed": true}, "18": {"execution_time": 0.2231581211090088, "passed": true}, "19": {"execution_time": 0.23678874969482422, "passed": true}, "20": {"execution_time": 0.2154080867767334, "passed": true}, "21": {"execution_time": 0.18960857391357422, "passed": true}, "22": {"execution_time": 0.25028157234191895, "passed": true}, "23": {"execution_time": 0.2651636600494385, "passed": true}}}, "check_style_score": "0/1"}