{"version": "1", "message": "ERROR: Hidden Testcases server unreachable.", "problem_id": "ads2_m2_a1_1", "user_id": "lakshmipraneetha4", "score": {"sample": {"0": {"execution_time": 0.41259026527404785, "passed": true}, "1": {"execution_time": 0.5122935771942139, "passed": true}, "2": {"execution_time": 0.7018158435821533, "passed": true}, "3": {"execution_time": 0.5958192348480225, "passed": true}, "4": {"execution_time": 0.24943232536315918, "passed": true}, "5": {"execution_time": 0.26480579376220703, "passed": true}, "6": {"execution_time": 0.275066614151001, "passed": true}, "7": {"execution_time": 1.05122709274292, "passed": true}, "8": {"execution_time": 1.0689232349395752, "passed": true}, "9": {"execution_time": 0.25531816482543945, "passed": true}, "10": {"execution_time": 1.0276470184326172, "passed": true}, "11": {"execution_time": 1.2552363872528076, "passed": true}, "12": {"execution_time": 1.2167446613311768, "passed": true}, "13": {"execution_time": 1.1574208736419678, "passed": true}, "14": {"execution_time": 0.2123875617980957, "passed": true}, "15": {"execution_time": 0.2839691638946533, "passed": true}, "16": {"execution_time": 0.30681633949279785, "passed": true}, "17": {"execution_time": 0.31407952308654785, "passed": true}, "18": {"execution_time": 0.21383142471313477, "passed": true}, "19": {"execution_time": 0.37560129165649414, "passed": true}, "20": {"execution_time": 0.6359529495239258, "passed": true}, "21": {"execution_time": 1.2332432270050049, "passed": true}, "22": {"execution_time": 1.0329914093017578, "passed": true}, "23": {"execution_time": 1.0007731914520264, "passed": true}}}, "check_style_score": "1/1"}