{"version": "1", "message": "ERROR: Hidden Testcases server unreachable.", "problem_id": "ads2_m2_a1_1", "user_id": "lakshmipraneetha4", "score": {"sample": {"0": {"execution_time": 0.1857163906097412, "passed": true}, "1": {"execution_time": 0.2306065559387207, "passed": true}, "2": {"execution_time": 0.2554802894592285, "passed": true}, "3": {"execution_time": 0.20834875106811523, "passed": true}, "4": {"execution_time": 0.16570162773132324, "passed": true}, "5": {"execution_time": 0.18085622787475586, "passed": true}, "6": {"execution_time": 0.19688200950622559, "passed": true}, "7": {"execution_time": 0.1906266212463379, "passed": true}, "8": {"execution_time": 0.2114107608795166, "passed": true}, "9": {"execution_time": 0.17750239372253418, "passed": true}, "10": {"execution_time": 0.19141387939453125, "passed": true}, "11": {"execution_time": 0.1697673797607422, "passed": true}, "12": {"execution_time": 0.17255949974060059, "passed": true}, "13": {"execution_time": 0.213484525680542, "passed": true}, "14": {"execution_time": 0.20414233207702637, "passed": true}, "15": {"execution_time": 0.2246696949005127, "passed": true}, "16": {"execution_time": 0.16103434562683105, "passed": true}, "17": {"execution_time": 0.22575902938842773, "passed": true}, "18": {"execution_time": 0.25116610527038574, "passed": true}, "19": {"execution_time": 0.24026250839233398, "passed": true}, "20": {"execution_time": 0.23953008651733398, "passed": true}, "21": {"execution_time": 0.2305588722229004, "passed": true}, "22": {"execution_time": 0.26019883155822754, "passed": true}, "23": {"execution_time": 0.23836421966552734, "passed": true}}}, "check_style_score": "0/1"}