{"version": "1", "message": "ERROR: Hidden Testcases server unreachable.", "problem_id": "ads2_m2_a1_1", "user_id": "lakshmipraneetha4", "score": {"sample": {"0": {"execution_time": 0.36740541458129883, "passed": true}, "1": {"execution_time": 0.19970011711120605, "passed": true}, "2": {"execution_time": 0.29804277420043945, "passed": true}, "3": {"execution_time": 0.32523345947265625, "passed": true}, "4": {"execution_time": 0.27819228172302246, "passed": true}, "5": {"execution_time": 0.3150315284729004, "passed": true}, "6": {"execution_time": 0.28142666816711426, "passed": true}, "7": {"execution_time": 0.3047940731048584, "passed": true}, "8": {"execution_time": 0.32215404510498047, "passed": true}, "9": {"execution_time": 0.3061692714691162, "passed": true}, "10": {"execution_time": 0.31987857818603516, "passed": true}, "11": {"execution_time": 0.29427266120910645, "passed": true}, "12": {"execution_time": 0.3148674964904785, "passed": true}, "13": {"execution_time": 0.2991936206817627, "passed": true}, "14": {"execution_time": 0.23570775985717773, "passed": true}, "15": {"execution_time": 0.40404748916625977, "passed": true}, "16": {"execution_time": 0.25716280937194824, "passed": true}, "17": {"execution_time": 0.34990787506103516, "passed": true}, "18": {"execution_time": 0.30367136001586914, "passed": true}, "19": {"execution_time": 0.26856327056884766, "passed": true}, "20": {"execution_time": 0.3453104496002197, "passed": true}, "21": {"execution_time": 0.29741930961608887, "passed": true}, "22": {"execution_time": 0.38022375106811523, "passed": true}, "23": {"execution_time": 0.37416625022888184, "passed": true}}}, "check_style_score": "0/1"}