{"version": "1", "message": "ERROR: Hidden Testcases server unreachable.", "problem_id": "ads2_m2_a1_1", "user_id": "lakshmipraneetha4", "score": {"sample": {"0": {"execution_time": 0.1954786777496338, "passed": true}, "1": {"execution_time": 0.21265125274658203, "passed": true}, "2": {"execution_time": 0.1932382583618164, "passed": true}, "3": {"execution_time": 0.200606107711792, "passed": true}, "4": {"execution_time": 0.17658424377441406, "passed": true}, "5": {"execution_time": 0.20148038864135742, "passed": true}, "6": {"execution_time": 0.1876838207244873, "passed": true}, "7": {"execution_time": 0.190185546875, "passed": true}, "8": {"execution_time": 0.17667293548583984, "passed": true}, "9": {"execution_time": 0.19875621795654297, "passed": true}, "10": {"execution_time": 0.17510700225830078, "passed": true}, "11": {"execution_time": 0.21942901611328125, "passed": true}, "12": {"execution_time": 0.2071056365966797, "passed": true}, "13": {"execution_time": 0.22128772735595703, "passed": true}, "14": {"execution_time": 0.19530153274536133, "passed": true}, "15": {"execution_time": 0.19179272651672363, "passed": true}, "16": {"execution_time": 0.21981024742126465, "passed": true}, "17": {"execution_time": 0.23412179946899414, "passed": true}, "18": {"execution_time": 0.19544243812561035, "passed": true}, "19": {"execution_time": 0.24867606163024902, "passed": true}, "20": {"execution_time": 0.22587347030639648, "passed": true}, "21": {"execution_time": 0.22015070915222168, "passed": true}, "22": {"execution_time": 0.34206414222717285, "passed": true}, "23": {"execution_time": 0.24075675010681152, "passed": true}}}, "check_style_score": "1/1"}