{"version": "1", "message": "ERROR: Hidden Testcases server unreachable.", "problem_id": "ads2_m2_a1_1", "user_id": "lakshmipraneetha4", "score": {"sample": {"0": {"execution_time": 0.22788453102111816, "passed": false}, "1": {"execution_time": 0.2429215908050537, "passed": false}, "2": {"execution_time": 0.20529723167419434, "passed": false}, "3": {"execution_time": 0.19449090957641602, "passed": true}, "4": {"execution_time": 0.2254467010498047, "passed": false}, "5": {"execution_time": 0.2789947986602783, "passed": false}, "6": {"execution_time": 0.326479434967041, "passed": false}, "7": {"execution_time": 0.4055798053741455, "passed": false}, "8": {"execution_time": 0.401151180267334, "passed": false}, "9": {"execution_time": 0.33765125274658203, "passed": false}, "10": {"execution_time": 0.35880327224731445, "passed": false}, "11": {"execution_time": 0.38007259368896484, "passed": false}, "12": {"execution_time": 0.3606274127960205, "passed": false}, "13": {"execution_time": 0.35882568359375, "passed": false}, "14": {"execution_time": 0.21521353721618652, "passed": false}, "15": {"execution_time": 0.2165849208831787, "passed": true}, "16": {"execution_time": 0.20637011528015137, "passed": false}, "17": {"execution_time": 0.2613036632537842, "passed": false}, "18": {"execution_time": 0.2333354949951172, "passed": false}, "19": {"execution_time": 0.19923925399780273, "passed": false}, "20": {"execution_time": 0.20194125175476074, "passed": false}, "21": {"execution_time": 0.28351712226867676, "passed": false}, "22": {"execution_time": 0.1914656162261963, "passed": false}, "23": {"execution_time": 0.20116782188415527, "passed": false}}}, "check_style_score": "0/1"}